id,province,case_id,species,sex,cwd_status
1,Saskatchewan,100,"Mule Deer",Male,Positive
2,Saskatchewan,101,"Mule Deer",Male,Positive
3,Saskatchewan,102,"Mule Deer",Male,Positive
4,Saskatchewan,103,"Mule Deer",Female,Positive
5,Saskatchewan,104,"Mule Deer",Male,Positive
6,Saskatchewan,105,"Mule Deer",Male,Positive
7,Saskatchewan,106,"Mule Deer",Female,Positive
8,Saskatchewan,107,"White-tailed Deer",Female,Positive
9,Saskatchewan,108,"Mule Deer",Male,Positive
10,Saskatchewan,109,"Mule Deer",Female,Positive
11,Saskatchewan,110,"Mule Deer",Male,Positive
12,Saskatchewan,111,"Mule Deer",Male,Positive
13,Saskatchewan,112,"Mule Deer",Female,Positive
14,Saskatchewan,113,"Mule Deer",Male,Positive
15,Alberta,15,"Mule Deer",Female,Positive
16,Alberta,16,"Mule Deer",Female,Positive
17,Alberta,17,"Mule Deer",Male,Positive
18,Alberta,21,"Mule Deer",Female,Positive
19,Alberta,22,"Mule Deer",Female,Positive
20,Alberta,23,"Mule Deer",Female,Positive
21,Alberta,24,"Mule Deer",Female,Positive
22,Alberta,25,"Mule Deer",Female,Positive
23,Alberta,26,"Mule Deer",Female,Positive
24,Alberta,27,"White-tailed Deer",Male,Positive
25,Alberta,28,"Mule Deer",Male,Positive
26,Alberta,29,"Mule Deer",Male,Positive
27,Saskatchewan,114,"Mule Deer",Female,Positive
28,Saskatchewan,115,"Mule Deer",Female,Positive
29,Saskatchewan,116,"Mule Deer",Female,Positive
30,Saskatchewan,117,"Mule Deer",Male,Positive
31,Saskatchewan,118,"Mule Deer",Female,Positive
32,Saskatchewan,119,"White-tailed Deer",Female,Positive
33,Saskatchewan,120,"White-tailed Deer",Female,Positive
34,Saskatchewan,121,"Mule Deer",Female,Positive
35,Alberta,30,"Mule Deer",Female,Positive
36,Alberta,32,"Mule Deer",Male,Positive
37,Alberta,34,"Mule Deer",Male,Positive
38,Alberta,36,"White-tailed Deer",Male,Positive
39,Alberta,45,"Mule Deer",Male,Positive
40,Alberta,48,"Mule Deer",Male,Positive
41,Alberta,49,"White-tailed Deer",Female,Positive
42,Alberta,50,"Mule Deer",Female,Positive
43,Alberta,51,"Mule Deer",Female,Positive
44,Alberta,52,"White-tailed Deer",Female,Positive
45,Alberta,53,"Mule Deer",Male,Positive
46,Saskatchewan,122,"Mule Deer",Female,Positive
47,Saskatchewan,123,"Mule Deer",Female,Positive
48,Saskatchewan,124,"Mule Deer",Female,Positive
49,Saskatchewan,125,"Mule Deer",Male,Positive
50,Saskatchewan,126,"Mule Deer",Male,Positive
51,Saskatchewan,127,"Mule Deer",Male,Positive
52,Saskatchewan,128,"Mule Deer",Female,Positive
53,Saskatchewan,129,"Mule Deer",Male,Positive
54,Saskatchewan,130,"Mule Deer",Female,Positive
55,Saskatchewan,131,"Mule Deer",Male,Positive
56,Saskatchewan,132,"Mule Deer",Female,Positive
57,Saskatchewan,133,"Mule Deer",Female,Positive
58,Saskatchewan,134,"Mule Deer",Female,Positive
59,Alberta,56,"Mule Deer",Female,Positive
60,Alberta,59,"Mule Deer",Male,Positive
61,Alberta,60,"Mule Deer",Male,Positive
62,Alberta,61,"Mule Deer",Male,Positive
63,Saskatchewan,135,"Mule Deer",Female,Positive
64,Saskatchewan,136,"Mule Deer",Female,Positive
65,Saskatchewan,137,"Mule Deer",Female,Positive
66,Saskatchewan,138,"Mule Deer",Female,Positive
67,Saskatchewan,139,"Mule Deer",Male,Positive
68,Saskatchewan,140,"Mule Deer",Female,Positive
69,Saskatchewan,141,"Mule Deer",Female,Positive
70,Alberta,65,"Mule Deer",Male,Positive
71,Alberta,66,"Mule Deer",Female,Positive
72,Alberta,68,"Mule Deer",Male,Positive
73,Alberta,69,"Mule Deer",Female,Positive
74,Alberta,70,"Mule Deer",Male,Positive
75,Alberta,71,"Mule Deer",Male,Positive
76,Alberta,72,"Mule Deer",Male,Positive
77,Alberta,73,"White-tailed Deer",Male,Positive
78,Alberta,74,"Mule Deer",Male,Positive
79,Alberta,75,"Mule Deer",Male,Positive
80,Saskatchewan,142,"Mule Deer",Female,Positive
81,Saskatchewan,143,"Mule Deer",Female,Positive
82,Saskatchewan,144,"Mule Deer",Female,Positive
83,Saskatchewan,145,"Mule Deer",Female,Positive
84,Saskatchewan,146,"Mule Deer",Female,Positive
85,Saskatchewan,147,"Mule Deer",Female,Positive
86,Saskatchewan,148,"Mule Deer",Female,Positive
87,Saskatchewan,149,"Mule Deer",Female,Positive
88,Saskatchewan,150,"Mule Deer",Male,Positive
89,Saskatchewan,151,"Mule Deer",Male,Positive
90,Alberta,76,"White-tailed Deer",Male,Positive
91,Alberta,78,"Mule Deer",Male,Positive
92,Alberta,79,"Mule Deer",Female,Positive
93,Alberta,82,"Mule Deer",Female,Positive
94,Alberta,83,"Mule Deer",Female,Positive
95,Alberta,84,"White-tailed Deer",Male,Positive
96,Alberta,88,"Mule Deer",Male,Positive
97,Alberta,89,"Mule Deer",Male,Positive
98,Alberta,90,"Mule Deer",Male,Positive
99,Alberta,91,"Mule Deer",Male,Positive
100,Alberta,92,"Mule Deer",Male,Positive
101,Alberta,93,"Mule Deer",Male,Positive
102,Alberta,94,"Mule Deer",Male,Positive
103,Saskatchewan,30014,"Mule Deer",Male,Negative
104,Saskatchewan,30015,"Mule Deer",Female,Negative
105,Saskatchewan,30017,"Mule Deer",Male,Negative
106,Saskatchewan,30018,"Mule Deer",Female,Negative
107,Saskatchewan,30019,"Mule Deer",Female,Negative
108,Saskatchewan,30020,"Mule Deer",Female,Negative
109,Saskatchewan,30021,"Mule Deer",Female,Negative
110,Saskatchewan,30022,"Mule Deer",Female,Negative
111,Saskatchewan,30023,"Mule Deer",Female,Negative
112,Saskatchewan,30024,"Mule Deer",Female,Negative
113,Saskatchewan,30025,"Mule Deer",Male,Negative
114,Saskatchewan,30026,"Mule Deer",Female,Negative
115,Saskatchewan,30027,"Mule Deer",Female,Negative
116,Saskatchewan,30028,"Mule Deer",Female,Negative
117,Saskatchewan,30029,"Mule Deer",Female,Negative
118,Saskatchewan,30030,"Mule Deer",Female,Negative
119,Saskatchewan,30031,"Mule Deer",Female,Negative
120,Saskatchewan,30032,"Mule Deer",Female,Negative
121,Saskatchewan,30033,"Mule Deer",Female,Negative
122,Saskatchewan,30034,"Mule Deer",Female,Negative
123,Saskatchewan,30035,"Mule Deer",Female,Negative
124,Saskatchewan,30036,"Mule Deer",Female,Negative
125,Saskatchewan,30037,"Mule Deer",Female,Negative
126,Saskatchewan,30038,"Mule Deer",Female,Negative
127,Saskatchewan,30039,"Mule Deer",Female,Negative
128,Saskatchewan,30040,"Mule Deer",Male,Negative
129,Saskatchewan,30041,"Mule Deer",Female,Negative
130,Saskatchewan,30042,"Mule Deer",Female,Negative
131,Saskatchewan,30043,"Mule Deer",Female,Negative
132,Saskatchewan,30044,"Mule Deer",Female,Negative
133,Saskatchewan,30045,"Mule Deer",Female,Negative
134,Saskatchewan,30046,"Mule Deer",Female,Negative
135,Saskatchewan,30047,"Mule Deer",Female,Negative
136,Saskatchewan,30049,"Mule Deer",Female,Negative
137,Saskatchewan,30050,"Mule Deer",Female,Negative
138,Saskatchewan,30051,"Mule Deer",Male,Negative
139,Saskatchewan,30052,"Mule Deer",Female,Negative
140,Saskatchewan,30053,"Mule Deer",Female,Negative
141,Saskatchewan,30054,"Mule Deer",Female,Negative
142,Saskatchewan,30055,"Mule Deer",Female,Negative
143,Saskatchewan,30056,"Mule Deer",Male,Negative
144,Saskatchewan,30057,"Mule Deer",Female,Negative
145,Saskatchewan,30058,"Mule Deer",Female,Negative
146,Saskatchewan,30059,"Mule Deer",Male,Negative
147,Saskatchewan,30060,"Mule Deer",Female,Negative
148,Saskatchewan,30061,"Mule Deer",Female,Negative
149,Saskatchewan,30062,"Mule Deer",Female,Negative
150,Saskatchewan,30063,"Mule Deer",Female,Negative
151,Saskatchewan,30064,"Mule Deer",Female,Negative
152,Saskatchewan,30065,"Mule Deer",Female,Negative
153,Saskatchewan,30066,"Mule Deer",Female,Negative
154,Saskatchewan,30067,"Mule Deer",Female,Negative
155,Saskatchewan,30068,"Mule Deer",Female,Negative
156,Saskatchewan,30069,"Mule Deer",Female,Negative
157,Saskatchewan,30070,"Mule Deer",Female,Negative
158,Saskatchewan,30071,"Mule Deer",Female,Negative
159,Saskatchewan,30072,"Mule Deer",Female,Negative
160,Saskatchewan,30073,"Mule Deer",Female,Negative
161,Saskatchewan,30074,"Mule Deer",Female,Negative
162,Saskatchewan,30075,"Mule Deer",Female,Negative
163,Saskatchewan,30076,"Mule Deer",Female,Negative
164,Saskatchewan,30077,"Mule Deer",Female,Negative
165,Saskatchewan,30078,"Mule Deer",Female,Negative
166,Saskatchewan,30079,"Mule Deer",Female,Negative
167,Saskatchewan,30080,"Mule Deer",Female,Negative
168,Saskatchewan,30081,"Mule Deer",Female,Negative
169,Saskatchewan,30082,"Mule Deer",Female,Negative
170,Saskatchewan,30083,"Mule Deer",Female,Negative
171,Saskatchewan,30084,"Mule Deer",Female,Negative
172,Saskatchewan,30085,"Mule Deer",Female,Negative
173,Saskatchewan,30086,"Mule Deer",Female,Negative
174,Saskatchewan,30087,"Mule Deer",Female,Negative
175,Saskatchewan,30088,"Mule Deer",Female,Negative
176,Saskatchewan,30089,"Mule Deer",Male,Negative
177,Saskatchewan,30090,"Mule Deer",Female,Negative
178,Saskatchewan,30091,"Mule Deer",Female,Negative
179,Saskatchewan,30092,"Mule Deer",Female,Negative
180,Saskatchewan,30093,"Mule Deer",Female,Negative
181,Saskatchewan,30094,"Mule Deer",Female,Negative
182,Saskatchewan,30095,"Mule Deer",Female,Negative
183,Saskatchewan,30096,"Mule Deer",Male,Negative
184,Saskatchewan,30097,"Mule Deer",Female,Negative
185,Saskatchewan,30098,"Mule Deer",Female,Negative
186,Saskatchewan,30099,"Mule Deer",Female,Negative
187,Saskatchewan,30100,"Mule Deer",Female,Negative
188,Saskatchewan,30101,"Mule Deer",Male,Negative
189,Saskatchewan,30102,"Mule Deer",Female,Negative
190,Saskatchewan,30103,"Mule Deer",Female,Negative
191,Saskatchewan,30104,"Mule Deer",Male,Negative
192,Saskatchewan,30105,"Mule Deer",Female,Negative
193,Saskatchewan,30106,"Mule Deer",Male,Negative
194,Saskatchewan,30107,"Mule Deer",Female,Negative
195,Saskatchewan,30108,"Mule Deer",Female,Negative
196,Saskatchewan,30109,"Mule Deer",Female,Negative
197,Saskatchewan,30110,"Mule Deer",Female,Negative
198,Saskatchewan,30111,"Mule Deer",Female,Negative
199,Saskatchewan,30112,"Mule Deer",Female,Negative
200,Saskatchewan,30113,"Mule Deer",Female,Negative
201,Saskatchewan,30114,"Mule Deer",Male,Negative
202,Saskatchewan,30115,"Mule Deer",Female,Negative
203,Saskatchewan,30116,"Mule Deer",Female,Negative
204,Saskatchewan,30117,"Mule Deer",Female,Negative
205,Saskatchewan,30118,"Mule Deer",Female,Negative
206,Saskatchewan,30119,"Mule Deer",Female,Negative
207,Saskatchewan,30120,"Mule Deer",Female,Negative
208,Saskatchewan,30121,"Mule Deer",Female,Negative
209,Saskatchewan,30122,"Mule Deer",Female,Negative
210,Saskatchewan,30123,"Mule Deer",Female,Negative
211,Saskatchewan,30124,"Mule Deer",Female,Negative
212,Saskatchewan,30125,"Mule Deer",Male,Negative
213,Saskatchewan,30126,"Mule Deer",Female,Negative
214,Saskatchewan,30127,"Mule Deer",Male,Negative
215,Saskatchewan,30128,"Mule Deer",Female,Negative
216,Saskatchewan,30129,"Mule Deer",Female,Negative
217,Saskatchewan,30130,"Mule Deer",Female,Negative
218,Saskatchewan,30131,"Mule Deer",Male,Negative
219,Saskatchewan,30132,"Mule Deer",Female,Negative
220,Saskatchewan,30133,"Mule Deer",Female,Negative
221,Saskatchewan,30134,"Mule Deer",Female,Negative
222,Saskatchewan,30135,"Mule Deer",Female,Negative
223,Saskatchewan,30136,"Mule Deer",Female,Negative
224,Saskatchewan,30137,"Mule Deer",Female,Negative
225,Saskatchewan,30138,"Mule Deer",Female,Negative
226,Saskatchewan,30139,"Mule Deer",Male,Negative
227,Saskatchewan,30140,"Mule Deer",Female,Negative
228,Saskatchewan,30141,"Mule Deer",Male,Negative
229,Saskatchewan,30142,"Mule Deer",Male,Negative
230,Saskatchewan,30143,"Mule Deer",Female,Negative
231,Saskatchewan,30144,"Mule Deer",Female,Negative
232,Saskatchewan,30145,"Mule Deer",Female,Negative
233,Saskatchewan,30146,"Mule Deer",Female,Negative
234,Saskatchewan,30147,"Mule Deer",Female,Negative
235,Saskatchewan,30148,"Mule Deer",Female,Negative
236,Saskatchewan,30149,"Mule Deer",Female,Negative
237,Saskatchewan,30150,"Mule Deer",Female,Negative
238,Saskatchewan,30151,"Mule Deer",Female,Negative
239,Saskatchewan,30152,"Mule Deer",Female,Negative
240,Saskatchewan,30153,"Mule Deer",Female,Negative
241,Saskatchewan,30154,"Mule Deer",Male,Negative
242,Saskatchewan,30155,"Mule Deer",Female,Negative
243,Saskatchewan,30156,"Mule Deer",Female,Negative
244,Saskatchewan,30157,"Mule Deer",Female,Negative
245,Saskatchewan,30158,"Mule Deer",Female,Negative
246,Saskatchewan,30159,"Mule Deer",Male,Negative
247,Saskatchewan,30160,"Mule Deer",Female,Negative
248,Saskatchewan,30161,"Mule Deer",Male,Negative
249,Saskatchewan,30162,"Mule Deer",Female,Negative
250,Saskatchewan,30163,"Mule Deer",Female,Negative
251,Saskatchewan,30164,"Mule Deer",Female,Negative
252,Saskatchewan,30165,"Mule Deer",Female,Negative
253,Saskatchewan,30166,"Mule Deer",Female,Negative
254,Saskatchewan,30167,"Mule Deer",Female,Negative
255,Saskatchewan,30168,"Mule Deer",Female,Negative
256,Saskatchewan,30169,"Mule Deer",Female,Negative
257,Saskatchewan,30170,"Mule Deer",Female,Negative
258,Saskatchewan,30171,"Mule Deer",Female,Negative
259,Saskatchewan,30172,"Mule Deer",Female,Negative
260,Saskatchewan,30173,"Mule Deer",Female,Negative
261,Saskatchewan,30174,"Mule Deer",Female,Negative
262,Saskatchewan,30175,"Mule Deer",Female,Negative
263,Saskatchewan,30176,"Mule Deer",Female,Negative
264,Saskatchewan,30177,"Mule Deer",Female,Negative
265,Saskatchewan,30178,"Mule Deer",Female,Negative
266,Saskatchewan,30179,"Mule Deer",Male,Negative
267,Saskatchewan,30180,"Mule Deer",Female,Negative
268,Saskatchewan,30181,"Mule Deer",Male,Negative
269,Saskatchewan,30182,"Mule Deer",Female,Negative
270,Saskatchewan,30183,"Mule Deer",Male,Negative
271,Saskatchewan,30184,"Mule Deer",Male,Negative
272,Saskatchewan,30185,"Mule Deer",Male,Negative
273,Saskatchewan,30186,"Mule Deer",Female,Negative
274,Saskatchewan,30187,"Mule Deer",Female,Negative
275,Saskatchewan,30188,"Mule Deer",Female,Negative
276,Saskatchewan,30189,"Mule Deer",Female,Negative
277,Saskatchewan,30190,"Mule Deer",Female,Negative
278,Saskatchewan,30191,"Mule Deer",Female,Negative
279,Saskatchewan,30192,"Mule Deer",Female,Negative
280,Saskatchewan,30193,"Mule Deer",Female,Negative
281,Saskatchewan,30194,"Mule Deer",Male,Negative
282,Saskatchewan,30195,"Mule Deer",Female,Negative
283,Saskatchewan,30196,"Mule Deer",Female,Negative
284,Saskatchewan,30197,"Mule Deer",Female,Negative
285,Saskatchewan,30198,"Mule Deer",Female,Negative
286,Saskatchewan,30199,"Mule Deer",Female,Negative
287,Saskatchewan,30200,"Mule Deer",Male,Negative
288,Saskatchewan,30201,"Mule Deer",Male,Negative
289,Saskatchewan,30202,"Mule Deer",Male,Negative
290,Saskatchewan,30203,"Mule Deer",Female,Negative
291,Saskatchewan,30204,"Mule Deer",Male,Negative
292,Saskatchewan,30205,"Mule Deer",Female,Negative
293,Saskatchewan,30206,"Mule Deer",Female,Negative
294,Saskatchewan,30207,"Mule Deer",Female,Negative
295,Saskatchewan,30208,"Mule Deer",Female,Negative
296,Saskatchewan,30209,"Mule Deer",Female,Negative
297,Saskatchewan,30210,"Mule Deer",Female,Negative
298,Saskatchewan,30211,"Mule Deer",Female,Negative
299,Saskatchewan,30212,"Mule Deer",Male,Negative
300,Saskatchewan,30213,"Mule Deer",Male,Negative
301,Saskatchewan,30214,"Mule Deer",Male,Negative
302,Saskatchewan,30215,"Mule Deer",Male,Negative
303,Saskatchewan,30216,"Mule Deer",Male,Negative
304,Saskatchewan,30217,"Mule Deer",Male,Negative
305,Saskatchewan,30218,"Mule Deer",Male,Negative
306,Saskatchewan,30219,"Mule Deer",Male,Negative
307,Saskatchewan,30220,"Mule Deer",Male,Negative
308,Saskatchewan,30221,"Mule Deer",Female,Negative
309,Saskatchewan,30222,"Mule Deer",Female,Negative
310,Saskatchewan,30223,"Mule Deer",Female,Negative
311,Saskatchewan,30224,"Mule Deer",Female,Negative
312,Saskatchewan,30225,"Mule Deer",Female,Negative
313,Saskatchewan,30227,"Mule Deer",Male,Negative
314,Saskatchewan,30228,"Mule Deer",Male,Negative
315,Saskatchewan,30229,"Mule Deer",Male,Negative
316,Saskatchewan,30230,"Mule Deer",Male,Negative
317,Saskatchewan,30231,"Mule Deer",Female,Negative
318,Saskatchewan,30232,"Mule Deer",Female,Negative
319,Saskatchewan,30233,"Mule Deer",Female,Negative
320,Saskatchewan,30234,"Mule Deer",Female,Negative
321,Saskatchewan,30235,"Mule Deer",Female,Negative
322,Saskatchewan,30236,"Mule Deer",Female,Negative
323,Saskatchewan,30237,"Mule Deer",Male,Negative
324,Saskatchewan,30238,"Mule Deer",Male,Negative
325,Saskatchewan,30239,"Mule Deer",Female,Negative
326,Saskatchewan,30240,"Mule Deer",Female,Negative
327,Saskatchewan,30241,"Mule Deer",Male,Negative
328,Saskatchewan,30242,"Mule Deer",Female,Negative
329,Saskatchewan,30243,"Mule Deer",Male,Negative
330,Saskatchewan,30244,"Mule Deer",Female,Negative
331,Saskatchewan,30245,"Mule Deer",Male,Negative
332,Saskatchewan,30246,"Mule Deer",Male,Negative
333,Saskatchewan,30247,"Mule Deer",Male,Negative
334,Saskatchewan,30248,"Mule Deer",Female,Negative
335,Saskatchewan,30249,"Mule Deer",Female,Negative
336,Saskatchewan,30250,"Mule Deer",Female,Negative
337,Saskatchewan,30252,"Mule Deer",Female,Negative
338,Saskatchewan,30253,"Mule Deer",Male,Negative
339,Saskatchewan,30254,"Mule Deer",Female,Negative
340,Saskatchewan,30255,"Mule Deer",Female,Negative
341,Saskatchewan,30256,"Mule Deer",Female,Negative
342,Saskatchewan,30257,"Mule Deer",Female,Negative
343,Saskatchewan,30258,"Mule Deer",Male,Negative
344,Saskatchewan,30259,"Mule Deer",Male,Negative
345,Saskatchewan,30260,"Mule Deer",Male,Negative
346,Saskatchewan,30261,"Mule Deer",Female,Negative
347,Saskatchewan,30262,"Mule Deer",Female,Negative
348,Saskatchewan,30263,"Mule Deer",Female,Negative
349,Saskatchewan,30264,"Mule Deer",Female,Negative
350,Saskatchewan,30265,"Mule Deer",Female,Negative
351,Saskatchewan,30266,"Mule Deer",Female,Negative
352,Saskatchewan,30267,"Mule Deer",Female,Negative
353,Saskatchewan,30268,"Mule Deer",Female,Negative
354,Saskatchewan,30269,"Mule Deer",Male,Negative
355,Saskatchewan,30270,"Mule Deer",Female,Negative
356,Saskatchewan,30271,"Mule Deer",Female,Negative
357,Saskatchewan,30272,"Mule Deer",Female,Negative
358,Saskatchewan,30273,"Mule Deer",Female,Negative
359,Saskatchewan,30274,"Mule Deer",Female,Negative
360,Saskatchewan,30275,"Mule Deer",Female,Negative
361,Saskatchewan,30276,"Mule Deer",Female,Negative
362,Saskatchewan,30277,"Mule Deer",Female,Negative
363,Saskatchewan,30278,"Mule Deer",Female,Negative
364,Saskatchewan,30279,"Mule Deer",Female,Negative
365,Saskatchewan,30280,"Mule Deer",Female,Negative
366,Saskatchewan,30281,"Mule Deer",Female,Negative
367,Saskatchewan,30282,"Mule Deer",Female,Negative
368,Saskatchewan,30283,"Mule Deer",Female,Negative
369,Saskatchewan,30284,"Mule Deer",Female,Negative
370,Saskatchewan,30285,"Mule Deer",Female,Negative
371,Saskatchewan,30286,"Mule Deer",Female,Negative
372,Saskatchewan,30287,"Mule Deer",Male,Negative
373,Saskatchewan,30288,"Mule Deer",Female,Negative
374,Saskatchewan,30289,"Mule Deer",Female,Negative
375,Saskatchewan,30290,"Mule Deer",Female,Negative
376,Saskatchewan,30291,"Mule Deer",Female,Negative
377,Saskatchewan,30292,"Mule Deer",Female,Negative
378,Saskatchewan,30293,"Mule Deer",Female,Negative
379,Saskatchewan,30294,"Mule Deer",Female,Negative
380,Saskatchewan,30295,"Mule Deer",Female,Negative
381,Saskatchewan,30296,"Mule Deer",Female,Negative
382,Saskatchewan,30297,"Mule Deer",Female,Negative
383,Saskatchewan,30298,"Mule Deer",Female,Negative
384,Saskatchewan,30299,"Mule Deer",Female,Negative
385,Saskatchewan,30300,"Mule Deer",Female,Negative
386,Saskatchewan,30301,"Mule Deer",Female,Negative
387,Saskatchewan,30302,"Mule Deer",Female,Negative
388,Saskatchewan,30303,"Mule Deer",Male,Negative
389,Saskatchewan,30304,"Mule Deer",Female,Negative
390,Saskatchewan,30305,"Mule Deer",Male,Negative
391,Saskatchewan,30306,"Mule Deer",Female,Negative
392,Saskatchewan,30307,"Mule Deer",Female,Negative
393,Saskatchewan,30308,"Mule Deer",Male,Negative
394,Saskatchewan,30309,"Mule Deer",Male,Negative
395,Saskatchewan,30310,"Mule Deer",Female,Negative
396,Saskatchewan,30311,"Mule Deer",Female,Negative
397,Saskatchewan,30312,"Mule Deer",Female,Negative
398,Saskatchewan,30313,"Mule Deer",Female,Negative
399,Saskatchewan,30314,"Mule Deer",Male,Negative
400,Saskatchewan,30315,"Mule Deer",Female,Negative
401,Saskatchewan,30316,"Mule Deer",Female,Negative
402,Saskatchewan,30317,"Mule Deer",Female,Negative
403,Saskatchewan,30318,"Mule Deer",Male,Negative
404,Saskatchewan,30319,"Mule Deer",Female,Negative
405,Saskatchewan,30320,"Mule Deer",Female,Negative
406,Saskatchewan,30321,"Mule Deer",Male,Negative
407,Saskatchewan,30322,"Mule Deer",Female,Negative
408,Saskatchewan,30323,"Mule Deer",Male,Negative
409,Saskatchewan,30324,"Mule Deer",Female,Negative
410,Saskatchewan,30325,"Mule Deer",Female,Negative
411,Saskatchewan,30326,"Mule Deer",Female,Negative
412,Saskatchewan,30327,"Mule Deer",Female,Negative
413,Saskatchewan,30328,"Mule Deer",Female,Negative
414,Saskatchewan,30329,"Mule Deer",Female,Negative
415,Saskatchewan,30330,"Mule Deer",Female,Negative
416,Saskatchewan,30331,"Mule Deer",Male,Negative
417,Saskatchewan,30332,"Mule Deer",Female,Negative
418,Saskatchewan,30333,"Mule Deer",Female,Negative
419,Saskatchewan,30334,"Mule Deer",Female,Negative
420,Saskatchewan,30335,"Mule Deer",Male,Negative
421,Saskatchewan,30336,"Mule Deer",Female,Negative
422,Saskatchewan,30344,"White-tailed Deer",Female,Negative
423,Saskatchewan,30345,"White-tailed Deer",Female,Negative
424,Saskatchewan,30346,"White-tailed Deer",Female,Negative
425,Saskatchewan,30347,"White-tailed Deer",Female,Negative
426,Saskatchewan,30348,"White-tailed Deer",Female,Negative
427,Saskatchewan,30349,"White-tailed Deer",Female,Negative
428,Saskatchewan,30350,"White-tailed Deer",Male,Negative
429,Saskatchewan,30351,"White-tailed Deer",Male,Negative
430,Saskatchewan,30352,"White-tailed Deer",Female,Negative
431,Saskatchewan,30353,"White-tailed Deer",Female,Negative
432,Saskatchewan,30354,"White-tailed Deer",Male,Negative
433,Saskatchewan,30355,"White-tailed Deer",Female,Negative
434,Saskatchewan,30356,"White-tailed Deer",Female,Negative
435,Saskatchewan,30357,"White-tailed Deer",Female,Negative
436,Saskatchewan,30358,"White-tailed Deer",Female,Negative
437,Saskatchewan,30359,"White-tailed Deer",Male,Negative
438,Saskatchewan,30360,"White-tailed Deer",Female,Negative
439,Saskatchewan,30361,"White-tailed Deer",Female,Negative
440,Saskatchewan,30362,"White-tailed Deer",Female,Negative
441,Saskatchewan,30363,"White-tailed Deer",Female,Negative
442,Saskatchewan,30364,"White-tailed Deer",Female,Negative
443,Saskatchewan,30365,"White-tailed Deer",Female,Negative
444,Saskatchewan,30366,"White-tailed Deer",Female,Negative
445,Saskatchewan,30367,"White-tailed Deer",Female,Negative
446,Saskatchewan,30368,"White-tailed Deer",Male,Negative
447,Saskatchewan,30369,"White-tailed Deer",Female,Negative
448,Saskatchewan,30370,"White-tailed Deer",Female,Negative
449,Saskatchewan,30371,"White-tailed Deer",Female,Negative
450,Saskatchewan,30372,"White-tailed Deer",Female,Negative
451,Saskatchewan,30373,"White-tailed Deer",Female,Negative
452,Saskatchewan,30374,"White-tailed Deer",Female,Negative
453,Saskatchewan,30375,"White-tailed Deer",Female,Negative
454,Saskatchewan,30376,"White-tailed Deer",Male,Negative
455,Saskatchewan,30377,"White-tailed Deer",Female,Negative
456,Saskatchewan,30378,"White-tailed Deer",Female,Negative
457,Saskatchewan,30379,"White-tailed Deer",Female,Negative
458,Saskatchewan,30380,"White-tailed Deer",Female,Negative
459,Saskatchewan,30381,"White-tailed Deer",Female,Negative
460,Saskatchewan,30382,"White-tailed Deer",Female,Negative
461,Saskatchewan,30383,"White-tailed Deer",Male,Negative
462,Saskatchewan,30384,"White-tailed Deer",Male,Negative
463,Saskatchewan,30386,"White-tailed Deer",Female,Negative
464,Saskatchewan,30387,"White-tailed Deer",Male,Negative
465,Saskatchewan,30388,"White-tailed Deer",Male,Negative
466,Saskatchewan,30389,"White-tailed Deer",Male,Negative
467,Saskatchewan,30390,"White-tailed Deer",Female,Negative
468,Saskatchewan,30391,"White-tailed Deer",Female,Negative
469,Saskatchewan,30392,"White-tailed Deer",Male,Negative
470,Saskatchewan,30393,"White-tailed Deer",Female,Negative
471,Saskatchewan,30394,"White-tailed Deer",Female,Negative
472,Saskatchewan,30395,"White-tailed Deer",Female,Negative
473,Saskatchewan,30396,"White-tailed Deer",Female,Negative
474,Saskatchewan,30397,"White-tailed Deer",Female,Negative
475,Saskatchewan,30398,"White-tailed Deer",Female,Negative
476,Saskatchewan,30399,"White-tailed Deer",Male,Negative
477,Saskatchewan,30400,"White-tailed Deer",Male,Negative
478,Saskatchewan,30401,"White-tailed Deer",Female,Negative
479,Saskatchewan,30402,"White-tailed Deer",Female,Negative
480,Saskatchewan,30403,"White-tailed Deer",Female,Negative
481,Saskatchewan,30404,"White-tailed Deer",Female,Negative
482,Saskatchewan,30405,"White-tailed Deer",Female,Negative
483,Saskatchewan,30406,"White-tailed Deer",Female,Negative
484,Saskatchewan,30407,"White-tailed Deer",Female,Negative
485,Saskatchewan,30408,"White-tailed Deer",Female,Negative
486,Saskatchewan,30409,"White-tailed Deer",Female,Negative
487,Saskatchewan,30410,"White-tailed Deer",Male,Negative
488,Saskatchewan,30411,"White-tailed Deer",Male,Negative
489,Saskatchewan,30412,"White-tailed Deer",Female,Negative
490,Saskatchewan,30413,"White-tailed Deer",Female,Negative
491,Saskatchewan,30414,"White-tailed Deer",Female,Negative
492,Saskatchewan,30415,"White-tailed Deer",Female,Negative
493,Saskatchewan,30416,"White-tailed Deer",Female,Negative
494,Saskatchewan,30417,"White-tailed Deer",Female,Negative
495,Saskatchewan,30418,"White-tailed Deer",Female,Negative
496,Saskatchewan,30419,"White-tailed Deer",Female,Negative
497,Saskatchewan,30420,"White-tailed Deer",Female,Negative
498,Saskatchewan,30421,"White-tailed Deer",Female,Negative
499,Saskatchewan,30422,"White-tailed Deer",Female,Negative
500,Saskatchewan,30423,"White-tailed Deer",Female,Negative
501,Saskatchewan,30424,"White-tailed Deer",Male,Negative
502,Saskatchewan,30425,"White-tailed Deer",Female,Negative
503,Saskatchewan,30426,"White-tailed Deer",Female,Negative
504,Saskatchewan,30427,"White-tailed Deer",Male,Negative
505,Saskatchewan,30428,"White-tailed Deer",Female,Negative
506,Saskatchewan,30429,"White-tailed Deer",Female,Negative
507,Saskatchewan,30430,"White-tailed Deer",Female,Negative
508,Saskatchewan,30431,"White-tailed Deer",Male,Negative
509,Saskatchewan,30432,"White-tailed Deer",Female,Negative
510,Saskatchewan,30433,"White-tailed Deer",Female,Negative
511,Saskatchewan,30434,"White-tailed Deer",Female,Negative
512,Saskatchewan,30435,"White-tailed Deer",Female,Negative
513,Saskatchewan,30436,"White-tailed Deer",Female,Negative
514,Saskatchewan,30437,"White-tailed Deer",Female,Negative
515,Saskatchewan,30438,"White-tailed Deer",Female,Negative
516,Saskatchewan,30439,"White-tailed Deer",Female,Negative
517,Saskatchewan,30440,"White-tailed Deer",Female,Negative
518,Saskatchewan,30441,"White-tailed Deer",Female,Negative
519,Saskatchewan,30442,"White-tailed Deer",Female,Negative
520,Saskatchewan,30443,"White-tailed Deer",Female,Negative
521,Saskatchewan,30444,"White-tailed Deer",Female,Negative
522,Saskatchewan,30445,"White-tailed Deer",Female,Negative
523,Saskatchewan,30446,"White-tailed Deer",Female,Negative
524,Saskatchewan,30447,"White-tailed Deer",Female,Negative
525,Saskatchewan,30448,"White-tailed Deer",Male,Negative
526,Saskatchewan,30449,"White-tailed Deer",Female,Negative
527,Saskatchewan,30450,"White-tailed Deer",Female,Negative
528,Saskatchewan,30451,"White-tailed Deer",Male,Negative
529,Saskatchewan,30452,"White-tailed Deer",Female,Negative
530,Saskatchewan,30453,"White-tailed Deer",Male,Negative
531,Saskatchewan,30454,"White-tailed Deer",Female,Negative
532,Saskatchewan,33256,"Mule Deer",Female,Negative
533,Saskatchewan,33257,"Mule Deer",Female,Negative
534,Saskatchewan,33258,"Mule Deer",Female,Negative
535,Saskatchewan,33259,"Mule Deer",Female,Negative
536,Saskatchewan,33260,"Mule Deer",Male,Negative
537,Saskatchewan,33261,"Mule Deer",Female,Negative
538,Saskatchewan,33262,"Mule Deer",Female,Negative
539,Saskatchewan,33263,"Mule Deer",Male,Negative
540,Saskatchewan,33264,"Mule Deer",Female,Negative
541,Saskatchewan,33265,"Mule Deer",Female,Negative
542,Saskatchewan,33266,"Mule Deer",Female,Negative
543,Saskatchewan,33267,"Mule Deer",Female,Negative
544,Saskatchewan,33273,"White-tailed Deer",Male,Negative
545,Saskatchewan,33274,"White-tailed Deer",Female,Negative
546,Saskatchewan,33275,"White-tailed Deer",Female,Negative
547,Alberta,707,"Mule Deer",Female,Negative
548,Alberta,708,"Mule Deer",Female,Negative
549,Alberta,2136,"Mule Deer",Female,Negative
550,Alberta,2137,"Mule Deer",Female,Negative
551,Alberta,2138,"Mule Deer",Female,Negative
552,Alberta,2139,"Mule Deer",Female,Negative
553,Alberta,10547,"White-tailed Deer",Female,Negative
554,Alberta,10548,"White-tailed Deer",Female,Negative
555,Alberta,10549,"White-tailed Deer",Female,Negative
556,Alberta,13474,"Mule Deer",Male,Negative
557,Alberta,14556,"Mule Deer",Male,Negative
558,Alberta,14557,"Mule Deer",Male,Negative
559,Alberta,19356,"White-tailed Deer",Male,Negative
560,Alberta,709,"Mule Deer",Female,Negative
561,Alberta,710,"Mule Deer",Female,Negative
562,Alberta,711,"Mule Deer",Female,Negative
563,Alberta,712,"Mule Deer",Female,Negative
564,Alberta,713,"Mule Deer",Female,Negative
565,Alberta,714,"Mule Deer",Female,Negative
566,Alberta,2140,"Mule Deer",Female,Negative
567,Alberta,2141,"Mule Deer",Female,Negative
568,Alberta,2142,"Mule Deer",Female,Negative
569,Alberta,2143,"Mule Deer",Female,Negative
570,Alberta,2144,"Mule Deer",Female,Negative
571,Alberta,2145,"Mule Deer",Female,Negative
572,Alberta,2146,"Mule Deer",Female,Negative
573,Alberta,8720,"White-tailed Deer",Female,Negative
574,Alberta,10550,"White-tailed Deer",Female,Negative
575,Alberta,10551,"White-tailed Deer",Female,Negative
576,Alberta,10552,"White-tailed Deer",Female,Negative
577,Alberta,10553,"White-tailed Deer",Female,Negative
578,Alberta,13475,"Mule Deer",Male,Negative
579,Alberta,13476,"Mule Deer",Male,Negative
580,Alberta,13477,"Mule Deer",Male,Negative
581,Alberta,13478,"Mule Deer",Male,Negative
582,Alberta,14558,"Mule Deer",Male,Negative
583,Alberta,19357,"White-tailed Deer",Male,Negative
584,Alberta,19358,"White-tailed Deer",Male,Negative
585,Alberta,19359,"White-tailed Deer",Male,Negative
586,Alberta,19988,"White-tailed Deer",Male,Negative
587,Alberta,3150,"Mule Deer",Female,Negative
588,Alberta,10953,"White-tailed Deer",Female,Negative
589,Alberta,14697,"Mule Deer",Male,Negative
590,Alberta,10954,"White-tailed Deer",Female,Negative
591,Alberta,14728,"Mule Deer",Male,Negative
592,Alberta,10644,"White-tailed Deer",Female,Negative
593,Alberta,20060,"White-tailed Deer",Male,Negative
594,Alberta,11008,"White-tailed Deer",Female,Negative
595,Alberta,11005,"White-tailed Deer",Female,Negative
596,Alberta,11030,"White-tailed Deer",Female,Negative
597,Alberta,3186,"Mule Deer",Female,Negative
598,Alberta,15180,"Mule Deer",Male,Negative
599,Alberta,2371,"Mule Deer",Female,Negative
600,Alberta,2372,"Mule Deer",Female,Negative
601,Alberta,20395,"White-tailed Deer",Male,Negative
602,Alberta,11004,"White-tailed Deer",Female,Negative
603,Alberta,15179,"Mule Deer",Male,Negative
604,Alberta,2376,"Mule Deer",Female,Negative
605,Alberta,20380,"White-tailed Deer",Male,Negative
606,Alberta,20372,"White-tailed Deer",Male,Negative
607,Alberta,15322,"Mule Deer",Male,Negative
608,Alberta,20384,"White-tailed Deer",Male,Negative
609,Alberta,15181,"Mule Deer",Male,Negative
610,Alberta,15185,"Mule Deer",Male,Negative
611,Alberta,15184,"Mule Deer",Male,Negative
612,Alberta,3070,"Mule Deer",Female,Negative
613,Alberta,14725,"Mule Deer",Male,Negative
614,Alberta,14729,"Mule Deer",Male,Negative
615,Alberta,3221,"Mule Deer",Female,Negative
616,Alberta,11062,"White-tailed Deer",Female,Negative
617,Alberta,10918,"White-tailed Deer",Female,Negative
618,Alberta,20069,"White-tailed Deer",Male,Negative
619,Alberta,20184,"White-tailed Deer",Male,Negative
620,Alberta,11049,"White-tailed Deer",Female,Negative
621,Alberta,20437,"White-tailed Deer",Male,Negative
622,Alberta,15089,"Mule Deer",Male,Negative
623,Alberta,10655,"White-tailed Deer",Female,Negative
624,Alberta,15188,"Mule Deer",Male,Negative
625,Alberta,20393,"White-tailed Deer",Male,Negative
626,Alberta,15242,"Mule Deer",Male,Negative
627,Alberta,3135,"Mule Deer",Female,Negative
628,Alberta,20371,"White-tailed Deer",Male,Negative
629,Alberta,3157,"Mule Deer",Female,Negative
630,Alberta,15176,"Mule Deer",Male,Negative
631,Alberta,11007,"White-tailed Deer",Female,Negative
632,Alberta,11006,"White-tailed Deer",Female,Negative
633,Alberta,20385,"White-tailed Deer",Male,Negative
634,Alberta,15243,"Mule Deer",Male,Negative
635,Alberta,3158,"Mule Deer",Female,Negative
636,Alberta,20381,"White-tailed Deer",Male,Negative
637,Alberta,3156,"Mule Deer",Female,Negative
638,Alberta,20373,"White-tailed Deer",Male,Negative
639,Alberta,14730,"Mule Deer",Male,Negative
640,Alberta,2433,"Mule Deer",Female,Negative
641,Alberta,20427,"White-tailed Deer",Male,Negative
642,Alberta,15237,"Mule Deer",Male,Negative
643,Alberta,15196,"Mule Deer",Male,Negative
644,Alberta,3102,"Mule Deer",Female,Negative
645,Alberta,10669,"White-tailed Deer",Female,Negative
646,Alberta,20071,"White-tailed Deer",Male,Negative
647,Alberta,2448,"Mule Deer",Female,Negative
648,Alberta,2713,"Mule Deer",Female,Negative
649,Alberta,20369,"White-tailed Deer",Male,Negative
650,Alberta,10668,"White-tailed Deer",Female,Negative
651,Alberta,2434,"Mule Deer",Female,Negative
652,Alberta,20070,"White-tailed Deer",Male,Negative
653,Alberta,20477,"White-tailed Deer",Male,Negative
654,Alberta,15171,"Mule Deer",Male,Negative
655,Alberta,3152,"Mule Deer",Female,Negative
656,Alberta,15174,"Mule Deer",Male,Negative
657,Alberta,20448,"White-tailed Deer",Male,Negative
658,Alberta,20362,"White-tailed Deer",Male,Negative
659,Alberta,15172,"Mule Deer",Male,Negative
660,Alberta,3137,"Mule Deer",Female,Negative
661,Alberta,2259,"Mule Deer",Female,Negative
662,Alberta,2261,"Mule Deer",Female,Negative
663,Alberta,2280,"Mule Deer",Female,Negative
664,Alberta,2281,"Mule Deer",Female,Negative
665,Alberta,2282,"Mule Deer",Female,Negative
666,Alberta,2342,"Mule Deer",Female,Negative
667,Alberta,2428,"Mule Deer",Female,Negative
668,Alberta,2444,"Mule Deer",Female,Negative
669,Alberta,2445,"Mule Deer",Female,Negative
670,Alberta,2449,"Mule Deer",Female,Negative
671,Alberta,2520,"Mule Deer",Female,Negative
672,Alberta,2522,"Mule Deer",Female,Negative
673,Alberta,2524,"Mule Deer",Female,Negative
674,Alberta,2580,"Mule Deer",Female,Negative
675,Alberta,2729,"Mule Deer",Female,Negative
676,Alberta,2812,"Mule Deer",Female,Negative
677,Alberta,2965,"Mule Deer",Female,Negative
678,Alberta,2966,"Mule Deer",Female,Negative
679,Alberta,3286,"Mule Deer",Female,Negative
680,Alberta,3287,"Mule Deer",Female,Negative
681,Alberta,10591,"White-tailed Deer",Female,Negative
682,Alberta,10601,"White-tailed Deer",Female,Negative
683,Alberta,10623,"White-tailed Deer",Female,Negative
684,Alberta,10661,"White-tailed Deer",Female,Negative
685,Alberta,10662,"White-tailed Deer",Female,Negative
686,Alberta,10670,"White-tailed Deer",Female,Negative
687,Alberta,10671,"White-tailed Deer",Female,Negative
688,Alberta,10672,"White-tailed Deer",Female,Negative
689,Alberta,10674,"White-tailed Deer",Female,Negative
690,Alberta,10675,"White-tailed Deer",Female,Negative
691,Alberta,10703,"White-tailed Deer",Female,Negative
692,Alberta,10704,"White-tailed Deer",Female,Negative
693,Alberta,14625,"Mule Deer",Male,Negative
694,Alberta,14657,"Mule Deer",Male,Negative
695,Alberta,14661,"Mule Deer",Male,Negative
696,Alberta,14678,"Mule Deer",Male,Negative
697,Alberta,14727,"Mule Deer",Male,Negative
698,Alberta,14736,"Mule Deer",Male,Negative
699,Alberta,14785,"Mule Deer",Male,Negative
700,Alberta,14807,"Mule Deer",Male,Negative
701,Alberta,15029,"Mule Deer",Male,Negative
702,Alberta,15266,"Mule Deer",Male,Negative
703,Alberta,20003,"White-tailed Deer",Male,Negative
704,Alberta,20019,"White-tailed Deer",Male,Negative
705,Alberta,20024,"White-tailed Deer",Male,Negative
706,Alberta,20031,"White-tailed Deer",Male,Negative
707,Alberta,20046,"White-tailed Deer",Male,Negative
708,Alberta,20063,"White-tailed Deer",Male,Negative
709,Alberta,20117,"White-tailed Deer",Male,Negative
710,Alberta,20178,"White-tailed Deer",Male,Negative
711,Alberta,20449,"White-tailed Deer",Male,Negative
712,Alberta,20416,"White-tailed Deer",Male,Negative
713,Alberta,15173,"Mule Deer",Male,Negative
714,Alberta,20445,"White-tailed Deer",Male,Negative
715,Alberta,3139,"Mule Deer",Female,Negative
716,Alberta,15167,"Mule Deer",Male,Negative
717,Alberta,20352,"White-tailed Deer",Male,Negative
718,Alberta,15166,"Mule Deer",Male,Negative
719,Alberta,11061,"White-tailed Deer",Female,Negative
720,Alberta,2247,"Mule Deer",Female,Negative
721,Alberta,2248,"Mule Deer",Female,Negative
722,Alberta,2267,"Mule Deer",Female,Negative
723,Alberta,2275,"Mule Deer",Female,Negative
724,Alberta,2276,"Mule Deer",Female,Negative
725,Alberta,2278,"Mule Deer",Female,Negative
726,Alberta,2283,"Mule Deer",Female,Negative
727,Alberta,2284,"Mule Deer",Female,Negative
728,Alberta,2285,"Mule Deer",Female,Negative
729,Alberta,2300,"Mule Deer",Female,Negative
730,Alberta,2341,"Mule Deer",Female,Negative
731,Alberta,2369,"Mule Deer",Female,Negative
732,Alberta,2419,"Mule Deer",Female,Negative
733,Alberta,2429,"Mule Deer",Female,Negative
734,Alberta,2450,"Mule Deer",Female,Negative
735,Alberta,2451,"Mule Deer",Female,Negative
736,Alberta,2455,"Mule Deer",Female,Negative
737,Alberta,2518,"Mule Deer",Female,Negative
738,Alberta,2519,"Mule Deer",Female,Negative
739,Alberta,2521,"Mule Deer",Female,Negative
740,Alberta,2590,"Mule Deer",Female,Negative
741,Alberta,2640,"Mule Deer",Female,Negative
742,Alberta,2694,"Mule Deer",Female,Negative
743,Alberta,2695,"Mule Deer",Female,Negative
744,Alberta,2714,"Mule Deer",Female,Negative
745,Alberta,2781,"Mule Deer",Female,Negative
746,Alberta,2821,"Mule Deer",Female,Negative
747,Alberta,2825,"Mule Deer",Female,Negative
748,Alberta,2834,"Mule Deer",Female,Negative
749,Alberta,2959,"Mule Deer",Female,Negative
750,Alberta,3120,"Mule Deer",Female,Negative
751,Alberta,3316,"Mule Deer",Female,Negative
752,Alberta,10585,"White-tailed Deer",Female,Negative
753,Alberta,10587,"White-tailed Deer",Female,Negative
754,Alberta,10592,"White-tailed Deer",Female,Negative
755,Alberta,10595,"White-tailed Deer",Female,Negative
756,Alberta,10621,"White-tailed Deer",Female,Negative
757,Alberta,10664,"White-tailed Deer",Female,Negative
758,Alberta,10665,"White-tailed Deer",Female,Negative
759,Alberta,10673,"White-tailed Deer",Female,Negative
760,Alberta,10699,"White-tailed Deer",Female,Negative
761,Alberta,10700,"White-tailed Deer",Female,Negative
762,Alberta,10734,"White-tailed Deer",Female,Negative
763,Alberta,10739,"White-tailed Deer",Female,Negative
764,Alberta,10823,"White-tailed Deer",Female,Negative
765,Alberta,10828,"White-tailed Deer",Female,Negative
766,Alberta,14617,"Mule Deer",Male,Negative
767,Alberta,14621,"Mule Deer",Male,Negative
768,Alberta,14630,"Mule Deer",Male,Negative
769,Alberta,14631,"Mule Deer",Male,Negative
770,Alberta,14659,"Mule Deer",Male,Negative
771,Alberta,14671,"Mule Deer",Male,Negative
772,Alberta,14676,"Mule Deer",Male,Negative
773,Alberta,14693,"Mule Deer",Male,Negative
774,Alberta,14718,"Mule Deer",Male,Negative
775,Alberta,14726,"Mule Deer",Male,Negative
776,Alberta,14737,"Mule Deer",Male,Negative
777,Alberta,14782,"Mule Deer",Male,Negative
778,Alberta,14879,"Mule Deer",Male,Negative
779,Alberta,14932,"Mule Deer",Male,Negative
780,Alberta,14934,"Mule Deer",Male,Negative
781,Alberta,14936,"Mule Deer",Male,Negative
782,Alberta,15207,"Mule Deer",Male,Negative
783,Alberta,20064,"White-tailed Deer",Male,Negative
784,Alberta,20066,"White-tailed Deer",Male,Negative
785,Alberta,20079,"White-tailed Deer",Male,Negative
786,Alberta,20083,"White-tailed Deer",Male,Negative
787,Alberta,20093,"White-tailed Deer",Male,Negative
788,Alberta,20105,"White-tailed Deer",Male,Negative
789,Alberta,20187,"White-tailed Deer",Male,Negative
790,Alberta,20350,"White-tailed Deer",Male,Negative
791,Alberta,15260,"Mule Deer",Male,Negative
792,Alberta,3153,"Mule Deer",Female,Negative
793,Alberta,10993,"White-tailed Deer",Female,Negative
794,Alberta,20392,"White-tailed Deer",Male,Negative
795,Alberta,3161,"Mule Deer",Female,Negative
796,Alberta,2260,"Mule Deer",Female,Negative
797,Alberta,2266,"Mule Deer",Female,Negative
798,Alberta,2277,"Mule Deer",Female,Negative
799,Alberta,2328,"Mule Deer",Female,Negative
800,Alberta,2329,"Mule Deer",Female,Negative
801,Alberta,2373,"Mule Deer",Female,Negative
802,Alberta,2374,"Mule Deer",Female,Negative
803,Alberta,2375,"Mule Deer",Female,Negative
804,Alberta,2414,"Mule Deer",Female,Negative
805,Alberta,2454,"Mule Deer",Female,Negative
806,Alberta,2583,"Mule Deer",Female,Negative
807,Alberta,2591,"Mule Deer",Female,Negative
808,Alberta,2599,"Mule Deer",Female,Negative
809,Alberta,2627,"Mule Deer",Female,Negative
810,Alberta,2811,"Mule Deer",Female,Negative
811,Alberta,2813,"Mule Deer",Female,Negative
812,Alberta,2816,"Mule Deer",Female,Negative
813,Alberta,2957,"Mule Deer",Female,Negative
814,Alberta,2960,"Mule Deer",Female,Negative
815,Alberta,2967,"Mule Deer",Female,Negative
816,Alberta,3081,"Mule Deer",Female,Negative
817,Alberta,3122,"Mule Deer",Female,Negative
818,Alberta,3167,"Mule Deer",Female,Negative
819,Alberta,10588,"White-tailed Deer",Female,Negative
820,Alberta,10639,"White-tailed Deer",Female,Negative
821,Alberta,10640,"White-tailed Deer",Female,Negative
822,Alberta,10641,"White-tailed Deer",Female,Negative
823,Alberta,10659,"White-tailed Deer",Female,Negative
824,Alberta,10663,"White-tailed Deer",Female,Negative
825,Alberta,10705,"White-tailed Deer",Female,Negative
826,Alberta,10744,"White-tailed Deer",Female,Negative
827,Alberta,10747,"White-tailed Deer",Female,Negative
828,Alberta,10887,"White-tailed Deer",Female,Negative
829,Alberta,10898,"White-tailed Deer",Female,Negative
830,Alberta,11098,"White-tailed Deer",Female,Negative
831,Alberta,14629,"Mule Deer",Male,Negative
832,Alberta,14642,"Mule Deer",Male,Negative
833,Alberta,14658,"Mule Deer",Male,Negative
834,Alberta,14781,"Mule Deer",Male,Negative
835,Alberta,14804,"Mule Deer",Male,Negative
836,Alberta,14878,"Mule Deer",Male,Negative
837,Alberta,15028,"Mule Deer",Male,Negative
838,Alberta,15193,"Mule Deer",Male,Negative
839,Alberta,20001,"White-tailed Deer",Male,Negative
840,Alberta,20032,"White-tailed Deer",Male,Negative
841,Alberta,20061,"White-tailed Deer",Male,Negative
842,Alberta,20065,"White-tailed Deer",Male,Negative
843,Alberta,20080,"White-tailed Deer",Male,Negative
844,Alberta,20081,"White-tailed Deer",Male,Negative
845,Alberta,20090,"White-tailed Deer",Male,Negative
846,Alberta,20120,"White-tailed Deer",Male,Negative
847,Alberta,20185,"White-tailed Deer",Male,Negative
848,Alberta,20257,"White-tailed Deer",Male,Negative
849,Alberta,20258,"White-tailed Deer",Male,Negative
850,Alberta,11044,"White-tailed Deer",Female,Negative
851,Alberta,15251,"Mule Deer",Male,Negative
852,Alberta,15191,"Mule Deer",Male,Negative
853,Alberta,11041,"White-tailed Deer",Female,Negative
854,Alberta,3123,"Mule Deer",Female,Negative
855,Alberta,10976,"White-tailed Deer",Female,Negative
856,Alberta,3126,"Mule Deer",Female,Negative
857,Alberta,3241,"Mule Deer",Female,Negative
858,Alberta,3240,"Mule Deer",Female,Negative
859,Alberta,15156,"Mule Deer",Male,Negative
860,Alberta,20331,"White-tailed Deer",Male,Negative
861,Alberta,15131,"Mule Deer",Male,Negative
862,Alberta,15157,"Mule Deer",Male,Negative
863,Alberta,11052,"White-tailed Deer",Female,Negative
864,Alberta,11040,"White-tailed Deer",Female,Negative
865,Alberta,20328,"White-tailed Deer",Male,Negative
866,Alberta,20326,"White-tailed Deer",Male,Negative
867,Alberta,20325,"White-tailed Deer",Male,Negative
868,Alberta,15155,"Mule Deer",Male,Negative
869,Alberta,15164,"Mule Deer",Male,Negative
870,Alberta,20312,"White-tailed Deer",Male,Negative
871,Alberta,3214,"Mule Deer",Female,Negative
872,Alberta,11050,"White-tailed Deer",Female,Negative
873,Alberta,15163,"Mule Deer",Male,Negative
874,Alberta,10987,"White-tailed Deer",Female,Negative
875,Alberta,15245,"Mule Deer",Male,Negative
876,Alberta,15129,"Mule Deer",Male,Negative
877,Alberta,20317,"White-tailed Deer",Male,Negative
878,Alberta,15300,"Mule Deer",Male,Negative
879,Alberta,3282,"Mule Deer",Female,Negative
880,Alberta,11058,"White-tailed Deer",Female,Negative
881,Alberta,2262,"Mule Deer",Female,Negative
882,Alberta,2263,"Mule Deer",Female,Negative
883,Alberta,2264,"Mule Deer",Female,Negative
884,Alberta,2265,"Mule Deer",Female,Negative
885,Alberta,2271,"Mule Deer",Female,Negative
886,Alberta,2272,"Mule Deer",Female,Negative
887,Alberta,2273,"Mule Deer",Female,Negative
888,Alberta,2274,"Mule Deer",Female,Negative
889,Alberta,2286,"Mule Deer",Female,Negative
890,Alberta,2312,"Mule Deer",Female,Negative
891,Alberta,2313,"Mule Deer",Female,Negative
892,Alberta,2315,"Mule Deer",Female,Negative
893,Alberta,2320,"Mule Deer",Female,Negative
894,Alberta,2415,"Mule Deer",Female,Negative
895,Alberta,2420,"Mule Deer",Female,Negative
896,Alberta,2421,"Mule Deer",Female,Negative
897,Alberta,2426,"Mule Deer",Female,Negative
898,Alberta,2517,"Mule Deer",Female,Negative
899,Alberta,2523,"Mule Deer",Female,Negative
900,Alberta,2525,"Mule Deer",Female,Negative
901,Alberta,2526,"Mule Deer",Female,Negative
902,Alberta,2582,"Mule Deer",Female,Negative
903,Alberta,2592,"Mule Deer",Female,Negative
904,Alberta,2593,"Mule Deer",Female,Negative
905,Alberta,2633,"Mule Deer",Female,Negative
906,Alberta,2691,"Mule Deer",Female,Negative
907,Alberta,2699,"Mule Deer",Female,Negative
908,Alberta,2817,"Mule Deer",Female,Negative
909,Alberta,2906,"Mule Deer",Female,Negative
910,Alberta,3227,"Mule Deer",Female,Negative
911,Alberta,10590,"White-tailed Deer",Female,Negative
912,Alberta,10593,"White-tailed Deer",Female,Negative
913,Alberta,10597,"White-tailed Deer",Female,Negative
914,Alberta,10598,"White-tailed Deer",Female,Negative
915,Alberta,10599,"White-tailed Deer",Female,Negative
916,Alberta,10600,"White-tailed Deer",Female,Negative
917,Alberta,10606,"White-tailed Deer",Female,Negative
918,Alberta,10657,"White-tailed Deer",Female,Negative
919,Alberta,10658,"White-tailed Deer",Female,Negative
920,Alberta,10701,"White-tailed Deer",Female,Negative
921,Alberta,10718,"White-tailed Deer",Female,Negative
922,Alberta,10743,"White-tailed Deer",Female,Negative
923,Alberta,10772,"White-tailed Deer",Female,Negative
924,Alberta,10789,"White-tailed Deer",Female,Negative
925,Alberta,14623,"Mule Deer",Male,Negative
926,Alberta,14626,"Mule Deer",Male,Negative
927,Alberta,14635,"Mule Deer",Male,Negative
928,Alberta,14721,"Mule Deer",Male,Negative
929,Alberta,14757,"Mule Deer",Male,Negative
930,Alberta,14784,"Mule Deer",Male,Negative
931,Alberta,14840,"Mule Deer",Male,Negative
932,Alberta,15068,"Mule Deer",Male,Negative
933,Alberta,15241,"Mule Deer",Male,Negative
934,Alberta,20068,"White-tailed Deer",Male,Negative
935,Alberta,20078,"White-tailed Deer",Male,Negative
936,Alberta,20094,"White-tailed Deer",Male,Negative
937,Alberta,20097,"White-tailed Deer",Male,Negative
938,Alberta,20169,"White-tailed Deer",Male,Negative
939,Alberta,20244,"White-tailed Deer",Male,Negative
940,Alberta,20307,"White-tailed Deer",Male,Negative
941,Alberta,20335,"White-tailed Deer",Male,Negative
942,Alberta,2964,"Mule Deer",Female,Negative
943,Alberta,10594,"White-tailed Deer",Female,Negative
944,Alberta,10596,"White-tailed Deer",Female,Negative
945,Alberta,10730,"White-tailed Deer",Female,Negative
946,Alberta,10948,"White-tailed Deer",Female,Negative
947,Alberta,20311,"White-tailed Deer",Male,Negative
948,Alberta,2584,"Mule Deer",Female,Negative
949,Alberta,2585,"Mule Deer",Female,Negative
950,Alberta,2589,"Mule Deer",Female,Negative
951,Alberta,2605,"Mule Deer",Female,Negative
952,Alberta,2622,"Mule Deer",Female,Negative
953,Alberta,2623,"Mule Deer",Female,Negative
954,Alberta,2720,"Mule Deer",Female,Negative
955,Alberta,3045,"Mule Deer",Female,Negative
956,Alberta,10689,"White-tailed Deer",Female,Negative
957,Alberta,10690,"White-tailed Deer",Female,Negative
958,Alberta,10737,"White-tailed Deer",Female,Negative
959,Alberta,10746,"White-tailed Deer",Female,Negative
960,Alberta,10748,"White-tailed Deer",Female,Negative
961,Alberta,10860,"White-tailed Deer",Female,Negative
962,Alberta,10921,"White-tailed Deer",Female,Negative
963,Alberta,10986,"White-tailed Deer",Female,Negative
964,Alberta,11001,"White-tailed Deer",Female,Negative
965,Alberta,14756,"Mule Deer",Male,Negative
966,Alberta,14780,"Mule Deer",Male,Negative
967,Alberta,14938,"Mule Deer",Male,Negative
968,Alberta,15073,"Mule Deer",Male,Negative
969,Alberta,2337,"Mule Deer",Female,Negative
970,Alberta,2614,"Mule Deer",Female,Negative
971,Alberta,2615,"Mule Deer",Female,Negative
972,Alberta,2624,"Mule Deer",Female,Negative
973,Alberta,2898,"Mule Deer",Female,Negative
974,Alberta,2899,"Mule Deer",Female,Negative
975,Alberta,3171,"Mule Deer",Female,Negative
976,Alberta,10735,"White-tailed Deer",Female,Negative
977,Alberta,10738,"White-tailed Deer",Female,Negative
978,Alberta,10740,"White-tailed Deer",Female,Negative
979,Alberta,14745,"Mule Deer",Male,Negative
980,Alberta,14759,"Mule Deer",Male,Negative
981,Alberta,15069,"Mule Deer",Male,Negative
982,Alberta,20089,"White-tailed Deer",Male,Negative
983,Alberta,20101,"White-tailed Deer",Male,Negative
984,Alberta,20267,"White-tailed Deer",Male,Negative
985,Alberta,2333,"Mule Deer",Female,Negative
986,Alberta,2335,"Mule Deer",Female,Negative
987,Alberta,2427,"Mule Deer",Female,Negative
988,Alberta,2896,"Mule Deer",Female,Negative
989,Alberta,2897,"Mule Deer",Female,Negative
990,Alberta,3170,"Mule Deer",Female,Negative
991,Alberta,3172,"Mule Deer",Female,Negative
992,Alberta,3296,"Mule Deer",Female,Negative
993,Alberta,10656,"White-tailed Deer",Female,Negative
994,Alberta,10766,"White-tailed Deer",Female,Negative
995,Alberta,10878,"White-tailed Deer",Female,Negative
996,Alberta,10879,"White-tailed Deer",Female,Negative
997,Alberta,14724,"Mule Deer",Male,Negative
998,Alberta,14788,"Mule Deer",Male,Negative
999,Alberta,14800,"Mule Deer",Male,Negative
1000,Alberta,15002,"Mule Deer",Male,Negative
