id,province,sex,species,cwd_status,population
1,Saskatchewan,Male,"Mule Deer",Positive," 450,418.00 "
2,Saskatchewan,Male,"Mule Deer",Positive," 450,418.00 "
3,Saskatchewan,Male,"Mule Deer",Positive," 450,418.00 "
4,Saskatchewan,Female,"Mule Deer",Positive," 450,418.00 "
5,Saskatchewan,Male,"Mule Deer",Positive," 450,418.00 "
6,Saskatchewan,Male,"Mule Deer",Positive," 450,418.00 "
7,Saskatchewan,Female,"Mule Deer",Positive," 450,418.00 "
8,Saskatchewan,Female,"White-tailed Deer",Positive," 450,418.00 "
9,Saskatchewan,Male,"Mule Deer",Positive," 450,418.00 "
10,Saskatchewan,Female,"Mule Deer",Positive," 450,418.00 "
11,Saskatchewan,Male,"Mule Deer",Positive," 450,418.00 "
12,Saskatchewan,Male,"Mule Deer",Positive," 450,418.00 "
13,Saskatchewan,Female,"Mule Deer",Positive," 450,418.00 "
14,Saskatchewan,Male,"Mule Deer",Positive," 450,418.00 "
15,Alberta,Female,"Mule Deer",Positive," 2,001,524.00 "
16,Alberta,Female,"Mule Deer",Positive," 2,001,524.00 "
17,Alberta,Male,"Mule Deer",Positive," 2,001,524.00 "
18,Alberta,Female,"Mule Deer",Positive," 2,001,524.00 "
19,Alberta,Female,"Mule Deer",Positive," 2,001,524.00 "
20,Alberta,Female,"Mule Deer",Positive," 2,001,524.00 "
21,Alberta,Female,"Mule Deer",Positive," 2,001,524.00 "
22,Alberta,Female,"Mule Deer",Positive," 2,001,524.00 "
23,Alberta,Female,"Mule Deer",Positive," 2,001,524.00 "
24,Alberta,Male,"White-tailed Deer",Positive," 2,001,524.00 "
25,Alberta,Male,"Mule Deer",Positive," 2,001,524.00 "
26,Alberta,Male,"Mule Deer",Positive," 2,001,524.00 "
27,Saskatchewan,Female,"Mule Deer",Positive," 450,418.00 "
28,Saskatchewan,Female,"Mule Deer",Positive," 450,418.00 "
29,Saskatchewan,Female,"Mule Deer",Positive," 450,418.00 "
30,Saskatchewan,Male,"Mule Deer",Positive," 450,418.00 "
31,Saskatchewan,Female,"Mule Deer",Positive," 450,418.00 "
32,Saskatchewan,Female,"White-tailed Deer",Positive," 450,418.00 "
33,Saskatchewan,Female,"White-tailed Deer",Positive," 450,418.00 "
34,Saskatchewan,Female,"Mule Deer",Positive," 450,418.00 "
35,Alberta,Female,"Mule Deer",Positive," 2,001,524.00 "
36,Alberta,Male,"Mule Deer",Positive," 2,001,524.00 "
37,Alberta,Male,"Mule Deer",Positive," 2,001,524.00 "
38,Alberta,Male,"White-tailed Deer",Positive," 2,001,524.00 "
39,Alberta,Male,"Mule Deer",Positive," 2,001,524.00 "
40,Alberta,Male,"Mule Deer",Positive," 2,001,524.00 "
41,Alberta,Female,"White-tailed Deer",Positive," 2,001,524.00 "
42,Alberta,Female,"Mule Deer",Positive," 2,001,524.00 "
43,Alberta,Female,"Mule Deer",Positive," 2,001,524.00 "
44,Alberta,Female,"White-tailed Deer",Positive," 2,001,524.00 "
45,Alberta,Male,"Mule Deer",Positive," 2,001,524.00 "
46,Saskatchewan,Female,"Mule Deer",Positive," 450,418.00 "
47,Saskatchewan,Female,"Mule Deer",Positive," 450,418.00 "
48,Saskatchewan,Female,"Mule Deer",Positive," 450,418.00 "
49,Saskatchewan,Male,"Mule Deer",Positive," 450,418.00 "
50,Saskatchewan,Male,"Mule Deer",Positive," 450,418.00 "
51,Saskatchewan,Male,"Mule Deer",Positive," 450,418.00 "
52,Saskatchewan,Female,"Mule Deer",Positive," 450,418.00 "
53,Saskatchewan,Male,"Mule Deer",Positive," 450,418.00 "
54,Saskatchewan,Female,"Mule Deer",Positive," 450,418.00 "
55,Saskatchewan,Male,"Mule Deer",Positive," 450,418.00 "
56,Saskatchewan,Female,"Mule Deer",Positive," 450,418.00 "
57,Saskatchewan,Female,"Mule Deer",Positive," 450,418.00 "
58,Saskatchewan,Female,"Mule Deer",Positive," 450,418.00 "
59,Alberta,Female,"Mule Deer",Positive," 2,001,524.00 "
60,Alberta,Male,"Mule Deer",Positive," 2,001,524.00 "
61,Alberta,Male,"Mule Deer",Positive," 2,001,524.00 "
62,Alberta,Male,"Mule Deer",Positive," 2,001,524.00 "
63,Saskatchewan,Female,"Mule Deer",Positive," 450,418.00 "
64,Saskatchewan,Female,"Mule Deer",Positive," 450,418.00 "
65,Saskatchewan,Female,"Mule Deer",Positive," 450,418.00 "
66,Saskatchewan,Female,"Mule Deer",Positive," 450,418.00 "
67,Saskatchewan,Male,"Mule Deer",Positive," 450,418.00 "
68,Saskatchewan,Female,"Mule Deer",Positive," 450,418.00 "
69,Saskatchewan,Female,"Mule Deer",Positive," 450,418.00 "
70,Alberta,Male,"Mule Deer",Positive," 2,001,524.00 "
71,Alberta,Female,"Mule Deer",Positive," 2,001,524.00 "
72,Alberta,Male,"Mule Deer",Positive," 2,001,524.00 "
73,Alberta,Female,"Mule Deer",Positive," 2,001,524.00 "
74,Alberta,Male,"Mule Deer",Positive," 2,001,524.00 "
75,Alberta,Male,"Mule Deer",Positive," 2,001,524.00 "
76,Alberta,Male,"Mule Deer",Positive," 2,001,524.00 "
77,Alberta,Male,"White-tailed Deer",Positive," 2,001,524.00 "
78,Alberta,Male,"Mule Deer",Positive," 2,001,524.00 "
79,Alberta,Male,"Mule Deer",Positive," 2,001,524.00 "
80,Saskatchewan,Female,"Mule Deer",Positive," 450,418.00 "
81,Saskatchewan,Female,"Mule Deer",Positive," 450,418.00 "
82,Saskatchewan,Female,"Mule Deer",Positive," 450,418.00 "
83,Saskatchewan,Female,"Mule Deer",Positive," 450,418.00 "
84,Saskatchewan,Female,"Mule Deer",Positive," 450,418.00 "
85,Saskatchewan,Female,"Mule Deer",Positive," 450,418.00 "
86,Saskatchewan,Female,"Mule Deer",Positive," 450,418.00 "
87,Saskatchewan,Female,"Mule Deer",Positive," 450,418.00 "
88,Saskatchewan,Male,"Mule Deer",Positive," 450,418.00 "
89,Saskatchewan,Male,"Mule Deer",Positive," 450,418.00 "
90,Alberta,Male,"White-tailed Deer",Positive," 2,001,524.00 "
91,Alberta,Male,"Mule Deer",Positive," 2,001,524.00 "
92,Alberta,Female,"Mule Deer",Positive," 2,001,524.00 "
93,Alberta,Female,"Mule Deer",Positive," 2,001,524.00 "
94,Alberta,Female,"Mule Deer",Positive," 2,001,524.00 "
95,Alberta,Male,"White-tailed Deer",Positive," 2,001,524.00 "
96,Alberta,Male,"Mule Deer",Positive," 2,001,524.00 "
97,Alberta,Male,"Mule Deer",Positive," 2,001,524.00 "
98,Alberta,Male,"Mule Deer",Positive," 2,001,524.00 "
99,Alberta,Male,"Mule Deer",Positive," 2,001,524.00 "
100,Alberta,Male,"Mule Deer",Positive," 2,001,524.00 "
101,Alberta,Male,"Mule Deer",Positive," 2,001,524.00 "
102,Alberta,Male,"Mule Deer",Positive," 2,001,524.00 "
103,Saskatchewan,Male,"Mule Deer",Negative," 450,418.00 "
104,Saskatchewan,Female,"Mule Deer",Negative," 450,418.00 "
105,Saskatchewan,Male,"Mule Deer",Negative," 450,418.00 "
106,Saskatchewan,Female,"Mule Deer",Negative," 450,418.00 "
107,Saskatchewan,Female,"Mule Deer",Negative," 450,418.00 "
108,Saskatchewan,Female,"Mule Deer",Negative," 450,418.00 "
109,Saskatchewan,Female,"Mule Deer",Negative," 450,418.00 "
110,Saskatchewan,Female,"Mule Deer",Negative," 450,418.00 "
111,Saskatchewan,Female,"Mule Deer",Negative," 450,418.00 "
112,Saskatchewan,Female,"Mule Deer",Negative," 450,418.00 "
113,Saskatchewan,Male,"Mule Deer",Negative," 450,418.00 "
114,Saskatchewan,Female,"Mule Deer",Negative," 450,418.00 "
115,Saskatchewan,Female,"Mule Deer",Negative," 450,418.00 "
116,Saskatchewan,Female,"Mule Deer",Negative," 450,418.00 "
117,Saskatchewan,Female,"Mule Deer",Negative," 450,418.00 "
118,Saskatchewan,Female,"Mule Deer",Negative," 450,418.00 "
119,Saskatchewan,Female,"Mule Deer",Negative," 450,418.00 "
120,Saskatchewan,Female,"Mule Deer",Negative," 450,418.00 "
121,Saskatchewan,Female,"Mule Deer",Negative," 450,418.00 "
122,Saskatchewan,Female,"Mule Deer",Negative," 450,418.00 "
123,Saskatchewan,Female,"Mule Deer",Negative," 450,418.00 "
124,Saskatchewan,Female,"Mule Deer",Negative," 450,418.00 "
125,Saskatchewan,Female,"Mule Deer",Negative," 450,418.00 "
126,Saskatchewan,Female,"Mule Deer",Negative," 450,418.00 "
127,Saskatchewan,Female,"Mule Deer",Negative," 450,418.00 "
128,Saskatchewan,Male,"Mule Deer",Negative," 450,418.00 "
129,Saskatchewan,Female,"Mule Deer",Negative," 450,418.00 "
130,Saskatchewan,Female,"Mule Deer",Negative," 450,418.00 "
131,Saskatchewan,Female,"Mule Deer",Negative," 450,418.00 "
132,Saskatchewan,Female,"Mule Deer",Negative," 450,418.00 "
133,Saskatchewan,Female,"Mule Deer",Negative," 450,418.00 "
134,Saskatchewan,Female,"Mule Deer",Negative," 450,418.00 "
135,Saskatchewan,Female,"Mule Deer",Negative," 450,418.00 "
136,Saskatchewan,Female,"Mule Deer",Negative," 450,418.00 "
137,Saskatchewan,Female,"Mule Deer",Negative," 450,418.00 "
138,Saskatchewan,Male,"Mule Deer",Negative," 450,418.00 "
139,Saskatchewan,Female,"Mule Deer",Negative," 450,418.00 "
140,Saskatchewan,Female,"Mule Deer",Negative," 450,418.00 "
141,Saskatchewan,Female,"Mule Deer",Negative," 450,418.00 "
142,Saskatchewan,Female,"Mule Deer",Negative," 450,418.00 "
143,Saskatchewan,Male,"Mule Deer",Negative," 450,418.00 "
144,Saskatchewan,Female,"Mule Deer",Negative," 450,418.00 "
145,Saskatchewan,Female,"Mule Deer",Negative," 450,418.00 "
146,Saskatchewan,Male,"Mule Deer",Negative," 450,418.00 "
147,Saskatchewan,Female,"Mule Deer",Negative," 450,418.00 "
148,Saskatchewan,Female,"Mule Deer",Negative," 450,418.00 "
149,Saskatchewan,Female,"Mule Deer",Negative," 450,418.00 "
150,Saskatchewan,Female,"Mule Deer",Negative," 450,418.00 "
151,Saskatchewan,Female,"Mule Deer",Negative," 450,418.00 "
152,Saskatchewan,Female,"Mule Deer",Negative," 450,418.00 "
153,Saskatchewan,Female,"Mule Deer",Negative," 450,418.00 "
154,Saskatchewan,Female,"Mule Deer",Negative," 450,418.00 "
155,Saskatchewan,Female,"Mule Deer",Negative," 450,418.00 "
156,Saskatchewan,Female,"Mule Deer",Negative," 450,418.00 "
157,Saskatchewan,Female,"Mule Deer",Negative," 450,418.00 "
158,Saskatchewan,Female,"Mule Deer",Negative," 450,418.00 "
159,Saskatchewan,Female,"Mule Deer",Negative," 450,418.00 "
160,Saskatchewan,Female,"Mule Deer",Negative," 450,418.00 "
161,Saskatchewan,Female,"Mule Deer",Negative," 450,418.00 "
162,Saskatchewan,Female,"Mule Deer",Negative," 450,418.00 "
163,Saskatchewan,Female,"Mule Deer",Negative," 450,418.00 "
164,Saskatchewan,Female,"Mule Deer",Negative," 450,418.00 "
165,Saskatchewan,Female,"Mule Deer",Negative," 450,418.00 "
166,Saskatchewan,Female,"Mule Deer",Negative," 450,418.00 "
167,Saskatchewan,Female,"Mule Deer",Negative," 450,418.00 "
168,Saskatchewan,Female,"Mule Deer",Negative," 450,418.00 "
169,Saskatchewan,Female,"Mule Deer",Negative," 450,418.00 "
170,Saskatchewan,Female,"Mule Deer",Negative," 450,418.00 "
171,Saskatchewan,Female,"Mule Deer",Negative," 450,418.00 "
172,Saskatchewan,Female,"Mule Deer",Negative," 450,418.00 "
173,Saskatchewan,Female,"Mule Deer",Negative," 450,418.00 "
174,Saskatchewan,Female,"Mule Deer",Negative," 450,418.00 "
175,Saskatchewan,Female,"Mule Deer",Negative," 450,418.00 "
176,Saskatchewan,Male,"Mule Deer",Negative," 450,418.00 "
177,Saskatchewan,Female,"Mule Deer",Negative," 450,418.00 "
178,Saskatchewan,Female,"Mule Deer",Negative," 450,418.00 "
179,Saskatchewan,Female,"Mule Deer",Negative," 450,418.00 "
180,Saskatchewan,Female,"Mule Deer",Negative," 450,418.00 "
181,Saskatchewan,Female,"Mule Deer",Negative," 450,418.00 "
182,Saskatchewan,Female,"Mule Deer",Negative," 450,418.00 "
183,Saskatchewan,Male,"Mule Deer",Negative," 450,418.00 "
184,Saskatchewan,Female,"Mule Deer",Negative," 450,418.00 "
185,Saskatchewan,Female,"Mule Deer",Negative," 450,418.00 "
186,Saskatchewan,Female,"Mule Deer",Negative," 450,418.00 "
187,Saskatchewan,Female,"Mule Deer",Negative," 450,418.00 "
188,Saskatchewan,Male,"Mule Deer",Negative," 450,418.00 "
189,Saskatchewan,Female,"Mule Deer",Negative," 450,418.00 "
190,Saskatchewan,Female,"Mule Deer",Negative," 450,418.00 "
191,Saskatchewan,Male,"Mule Deer",Negative," 450,418.00 "
192,Saskatchewan,Female,"Mule Deer",Negative," 450,418.00 "
193,Saskatchewan,Male,"Mule Deer",Negative," 450,418.00 "
194,Saskatchewan,Female,"Mule Deer",Negative," 450,418.00 "
195,Saskatchewan,Female,"Mule Deer",Negative," 450,418.00 "
196,Saskatchewan,Female,"Mule Deer",Negative," 450,418.00 "
197,Saskatchewan,Female,"Mule Deer",Negative," 450,418.00 "
198,Saskatchewan,Female,"Mule Deer",Negative," 450,418.00 "
199,Saskatchewan,Female,"Mule Deer",Negative," 450,418.00 "
200,Saskatchewan,Female,"Mule Deer",Negative," 450,418.00 "
201,Saskatchewan,Male,"Mule Deer",Negative," 450,418.00 "
202,Saskatchewan,Female,"Mule Deer",Negative," 450,418.00 "
203,Saskatchewan,Female,"Mule Deer",Negative," 450,418.00 "
204,Saskatchewan,Female,"Mule Deer",Negative," 450,418.00 "
205,Saskatchewan,Female,"Mule Deer",Negative," 450,418.00 "
206,Saskatchewan,Female,"Mule Deer",Negative," 450,418.00 "
207,Saskatchewan,Female,"Mule Deer",Negative," 450,418.00 "
208,Saskatchewan,Female,"Mule Deer",Negative," 450,418.00 "
209,Saskatchewan,Female,"Mule Deer",Negative," 450,418.00 "
210,Saskatchewan,Female,"Mule Deer",Negative," 450,418.00 "
211,Saskatchewan,Female,"Mule Deer",Negative," 450,418.00 "
212,Saskatchewan,Male,"Mule Deer",Negative," 450,418.00 "
213,Saskatchewan,Female,"Mule Deer",Negative," 450,418.00 "
214,Saskatchewan,Male,"Mule Deer",Negative," 450,418.00 "
215,Saskatchewan,Female,"Mule Deer",Negative," 450,418.00 "
216,Saskatchewan,Female,"Mule Deer",Negative," 450,418.00 "
217,Saskatchewan,Female,"Mule Deer",Negative," 450,418.00 "
218,Saskatchewan,Male,"Mule Deer",Negative," 450,418.00 "
219,Saskatchewan,Female,"Mule Deer",Negative," 450,418.00 "
220,Saskatchewan,Female,"Mule Deer",Negative," 450,418.00 "
221,Saskatchewan,Female,"Mule Deer",Negative," 450,418.00 "
222,Saskatchewan,Female,"Mule Deer",Negative," 450,418.00 "
223,Saskatchewan,Female,"Mule Deer",Negative," 450,418.00 "
224,Saskatchewan,Female,"Mule Deer",Negative," 450,418.00 "
225,Saskatchewan,Female,"Mule Deer",Negative," 450,418.00 "
226,Saskatchewan,Male,"Mule Deer",Negative," 450,418.00 "
227,Saskatchewan,Female,"Mule Deer",Negative," 450,418.00 "
228,Saskatchewan,Male,"Mule Deer",Negative," 450,418.00 "
229,Saskatchewan,Male,"Mule Deer",Negative," 450,418.00 "
230,Saskatchewan,Female,"Mule Deer",Negative," 450,418.00 "
231,Saskatchewan,Female,"Mule Deer",Negative," 450,418.00 "
232,Saskatchewan,Female,"Mule Deer",Negative," 450,418.00 "
233,Saskatchewan,Female,"Mule Deer",Negative," 450,418.00 "
234,Saskatchewan,Female,"Mule Deer",Negative," 450,418.00 "
235,Saskatchewan,Female,"Mule Deer",Negative," 450,418.00 "
236,Saskatchewan,Female,"Mule Deer",Negative," 450,418.00 "
237,Saskatchewan,Female,"Mule Deer",Negative," 450,418.00 "
238,Saskatchewan,Female,"Mule Deer",Negative," 450,418.00 "
239,Saskatchewan,Female,"Mule Deer",Negative," 450,418.00 "
240,Saskatchewan,Female,"Mule Deer",Negative," 450,418.00 "
241,Saskatchewan,Male,"Mule Deer",Negative," 450,418.00 "
242,Saskatchewan,Female,"Mule Deer",Negative," 450,418.00 "
243,Saskatchewan,Female,"Mule Deer",Negative," 450,418.00 "
244,Saskatchewan,Female,"Mule Deer",Negative," 450,418.00 "
245,Saskatchewan,Female,"Mule Deer",Negative," 450,418.00 "
246,Saskatchewan,Male,"Mule Deer",Negative," 450,418.00 "
247,Saskatchewan,Female,"Mule Deer",Negative," 450,418.00 "
248,Saskatchewan,Male,"Mule Deer",Negative," 450,418.00 "
249,Saskatchewan,Female,"Mule Deer",Negative," 450,418.00 "
250,Saskatchewan,Female,"Mule Deer",Negative," 450,418.00 "
251,Saskatchewan,Female,"Mule Deer",Negative," 450,418.00 "
252,Saskatchewan,Female,"Mule Deer",Negative," 450,418.00 "
253,Saskatchewan,Female,"Mule Deer",Negative," 450,418.00 "
254,Saskatchewan,Female,"Mule Deer",Negative," 450,418.00 "
255,Saskatchewan,Female,"Mule Deer",Negative," 450,418.00 "
256,Saskatchewan,Female,"Mule Deer",Negative," 450,418.00 "
257,Saskatchewan,Female,"Mule Deer",Negative," 450,418.00 "
258,Saskatchewan,Female,"Mule Deer",Negative," 450,418.00 "
259,Saskatchewan,Female,"Mule Deer",Negative," 450,418.00 "
260,Saskatchewan,Female,"Mule Deer",Negative," 450,418.00 "
261,Saskatchewan,Female,"Mule Deer",Negative," 450,418.00 "
262,Saskatchewan,Female,"Mule Deer",Negative," 450,418.00 "
263,Saskatchewan,Female,"Mule Deer",Negative," 450,418.00 "
264,Saskatchewan,Female,"Mule Deer",Negative," 450,418.00 "
265,Saskatchewan,Female,"Mule Deer",Negative," 450,418.00 "
266,Saskatchewan,Male,"Mule Deer",Negative," 450,418.00 "
267,Saskatchewan,Female,"Mule Deer",Negative," 450,418.00 "
268,Saskatchewan,Male,"Mule Deer",Negative," 450,418.00 "
269,Saskatchewan,Female,"Mule Deer",Negative," 450,418.00 "
270,Saskatchewan,Male,"Mule Deer",Negative," 450,418.00 "
271,Saskatchewan,Male,"Mule Deer",Negative," 450,418.00 "
272,Saskatchewan,Male,"Mule Deer",Negative," 450,418.00 "
273,Saskatchewan,Female,"Mule Deer",Negative," 450,418.00 "
274,Saskatchewan,Female,"Mule Deer",Negative," 450,418.00 "
275,Saskatchewan,Female,"Mule Deer",Negative," 450,418.00 "
276,Saskatchewan,Female,"Mule Deer",Negative," 450,418.00 "
277,Saskatchewan,Female,"Mule Deer",Negative," 450,418.00 "
278,Saskatchewan,Female,"Mule Deer",Negative," 450,418.00 "
279,Saskatchewan,Female,"Mule Deer",Negative," 450,418.00 "
280,Saskatchewan,Female,"Mule Deer",Negative," 450,418.00 "
281,Saskatchewan,Male,"Mule Deer",Negative," 450,418.00 "
282,Saskatchewan,Female,"Mule Deer",Negative," 450,418.00 "
283,Saskatchewan,Female,"Mule Deer",Negative," 450,418.00 "
284,Saskatchewan,Female,"Mule Deer",Negative," 450,418.00 "
285,Saskatchewan,Female,"Mule Deer",Negative," 450,418.00 "
286,Saskatchewan,Female,"Mule Deer",Negative," 450,418.00 "
287,Saskatchewan,Male,"Mule Deer",Negative," 450,418.00 "
288,Saskatchewan,Male,"Mule Deer",Negative," 450,418.00 "
289,Saskatchewan,Male,"Mule Deer",Negative," 450,418.00 "
290,Saskatchewan,Female,"Mule Deer",Negative," 450,418.00 "
291,Saskatchewan,Male,"Mule Deer",Negative," 450,418.00 "
292,Saskatchewan,Female,"Mule Deer",Negative," 450,418.00 "
293,Saskatchewan,Female,"Mule Deer",Negative," 450,418.00 "
294,Saskatchewan,Female,"Mule Deer",Negative," 450,418.00 "
295,Saskatchewan,Female,"Mule Deer",Negative," 450,418.00 "
296,Saskatchewan,Female,"Mule Deer",Negative," 450,418.00 "
297,Saskatchewan,Female,"Mule Deer",Negative," 450,418.00 "
298,Saskatchewan,Female,"Mule Deer",Negative," 450,418.00 "
299,Saskatchewan,Male,"Mule Deer",Negative," 450,418.00 "
300,Saskatchewan,Male,"Mule Deer",Negative," 450,418.00 "
301,Saskatchewan,Male,"Mule Deer",Negative," 450,418.00 "
302,Saskatchewan,Male,"Mule Deer",Negative," 450,418.00 "
303,Saskatchewan,Male,"Mule Deer",Negative," 450,418.00 "
304,Saskatchewan,Male,"Mule Deer",Negative," 450,418.00 "
305,Saskatchewan,Male,"Mule Deer",Negative," 450,418.00 "
306,Saskatchewan,Male,"Mule Deer",Negative," 450,418.00 "
307,Saskatchewan,Male,"Mule Deer",Negative," 450,418.00 "
308,Saskatchewan,Female,"Mule Deer",Negative," 450,418.00 "
309,Saskatchewan,Female,"Mule Deer",Negative," 450,418.00 "
310,Saskatchewan,Female,"Mule Deer",Negative," 450,418.00 "
311,Saskatchewan,Female,"Mule Deer",Negative," 450,418.00 "
312,Saskatchewan,Female,"Mule Deer",Negative," 450,418.00 "
313,Saskatchewan,Male,"Mule Deer",Negative," 450,418.00 "
314,Saskatchewan,Male,"Mule Deer",Negative," 450,418.00 "
315,Saskatchewan,Male,"Mule Deer",Negative," 450,418.00 "
316,Saskatchewan,Male,"Mule Deer",Negative," 450,418.00 "
317,Saskatchewan,Female,"Mule Deer",Negative," 450,418.00 "
318,Saskatchewan,Female,"Mule Deer",Negative," 450,418.00 "
319,Saskatchewan,Female,"Mule Deer",Negative," 450,418.00 "
320,Saskatchewan,Female,"Mule Deer",Negative," 450,418.00 "
321,Saskatchewan,Female,"Mule Deer",Negative," 450,418.00 "
322,Saskatchewan,Female,"Mule Deer",Negative," 450,418.00 "
323,Saskatchewan,Male,"Mule Deer",Negative," 450,418.00 "
324,Saskatchewan,Male,"Mule Deer",Negative," 450,418.00 "
325,Saskatchewan,Female,"Mule Deer",Negative," 450,418.00 "
326,Saskatchewan,Female,"Mule Deer",Negative," 450,418.00 "
327,Saskatchewan,Male,"Mule Deer",Negative," 450,418.00 "
328,Saskatchewan,Female,"Mule Deer",Negative," 450,418.00 "
329,Saskatchewan,Male,"Mule Deer",Negative," 450,418.00 "
330,Saskatchewan,Female,"Mule Deer",Negative," 450,418.00 "
331,Saskatchewan,Male,"Mule Deer",Negative," 450,418.00 "
332,Saskatchewan,Male,"Mule Deer",Negative," 450,418.00 "
333,Saskatchewan,Male,"Mule Deer",Negative," 450,418.00 "
334,Saskatchewan,Female,"Mule Deer",Negative," 450,418.00 "
335,Saskatchewan,Female,"Mule Deer",Negative," 450,418.00 "
336,Saskatchewan,Female,"Mule Deer",Negative," 450,418.00 "
337,Saskatchewan,Female,"Mule Deer",Negative," 450,418.00 "
338,Saskatchewan,Male,"Mule Deer",Negative," 450,418.00 "
339,Saskatchewan,Female,"Mule Deer",Negative," 450,418.00 "
340,Saskatchewan,Female,"Mule Deer",Negative," 450,418.00 "
341,Saskatchewan,Female,"Mule Deer",Negative," 450,418.00 "
342,Saskatchewan,Female,"Mule Deer",Negative," 450,418.00 "
343,Saskatchewan,Male,"Mule Deer",Negative," 450,418.00 "
344,Saskatchewan,Male,"Mule Deer",Negative," 450,418.00 "
345,Saskatchewan,Male,"Mule Deer",Negative," 450,418.00 "
346,Saskatchewan,Female,"Mule Deer",Negative," 450,418.00 "
347,Saskatchewan,Female,"Mule Deer",Negative," 450,418.00 "
348,Saskatchewan,Female,"Mule Deer",Negative," 450,418.00 "
349,Saskatchewan,Female,"Mule Deer",Negative," 450,418.00 "
350,Saskatchewan,Female,"Mule Deer",Negative," 450,418.00 "
351,Saskatchewan,Female,"Mule Deer",Negative," 450,418.00 "
352,Saskatchewan,Female,"Mule Deer",Negative," 450,418.00 "
353,Saskatchewan,Female,"Mule Deer",Negative," 450,418.00 "
354,Saskatchewan,Male,"Mule Deer",Negative," 450,418.00 "
355,Saskatchewan,Female,"Mule Deer",Negative," 450,418.00 "
356,Saskatchewan,Female,"Mule Deer",Negative," 450,418.00 "
357,Saskatchewan,Female,"Mule Deer",Negative," 450,418.00 "
358,Saskatchewan,Female,"Mule Deer",Negative," 450,418.00 "
359,Saskatchewan,Female,"Mule Deer",Negative," 450,418.00 "
360,Saskatchewan,Female,"Mule Deer",Negative," 450,418.00 "
361,Saskatchewan,Female,"Mule Deer",Negative," 450,418.00 "
362,Saskatchewan,Female,"Mule Deer",Negative," 450,418.00 "
363,Saskatchewan,Female,"Mule Deer",Negative," 450,418.00 "
364,Saskatchewan,Female,"Mule Deer",Negative," 450,418.00 "
365,Saskatchewan,Female,"Mule Deer",Negative," 450,418.00 "
366,Saskatchewan,Female,"Mule Deer",Negative," 450,418.00 "
367,Saskatchewan,Female,"Mule Deer",Negative," 450,418.00 "
368,Saskatchewan,Female,"Mule Deer",Negative," 450,418.00 "
369,Saskatchewan,Female,"Mule Deer",Negative," 450,418.00 "
370,Saskatchewan,Female,"Mule Deer",Negative," 450,418.00 "
371,Saskatchewan,Female,"Mule Deer",Negative," 450,418.00 "
372,Saskatchewan,Male,"Mule Deer",Negative," 450,418.00 "
373,Saskatchewan,Female,"Mule Deer",Negative," 450,418.00 "
374,Saskatchewan,Female,"Mule Deer",Negative," 450,418.00 "
375,Saskatchewan,Female,"Mule Deer",Negative," 450,418.00 "
376,Saskatchewan,Female,"Mule Deer",Negative," 450,418.00 "
377,Saskatchewan,Female,"Mule Deer",Negative," 450,418.00 "
378,Saskatchewan,Female,"Mule Deer",Negative," 450,418.00 "
379,Saskatchewan,Female,"Mule Deer",Negative," 450,418.00 "
380,Saskatchewan,Female,"Mule Deer",Negative," 450,418.00 "
381,Saskatchewan,Female,"Mule Deer",Negative," 450,418.00 "
382,Saskatchewan,Female,"Mule Deer",Negative," 450,418.00 "
383,Saskatchewan,Female,"Mule Deer",Negative," 450,418.00 "
384,Saskatchewan,Female,"Mule Deer",Negative," 450,418.00 "
385,Saskatchewan,Female,"Mule Deer",Negative," 450,418.00 "
386,Saskatchewan,Female,"Mule Deer",Negative," 450,418.00 "
387,Saskatchewan,Female,"Mule Deer",Negative," 450,418.00 "
388,Saskatchewan,Male,"Mule Deer",Negative," 450,418.00 "
389,Saskatchewan,Female,"Mule Deer",Negative," 450,418.00 "
390,Saskatchewan,Male,"Mule Deer",Negative," 450,418.00 "
391,Saskatchewan,Female,"Mule Deer",Negative," 450,418.00 "
392,Saskatchewan,Female,"Mule Deer",Negative," 450,418.00 "
393,Saskatchewan,Male,"Mule Deer",Negative," 450,418.00 "
394,Saskatchewan,Male,"Mule Deer",Negative," 450,418.00 "
395,Saskatchewan,Female,"Mule Deer",Negative," 450,418.00 "
396,Saskatchewan,Female,"Mule Deer",Negative," 450,418.00 "
397,Saskatchewan,Female,"Mule Deer",Negative," 450,418.00 "
398,Saskatchewan,Female,"Mule Deer",Negative," 450,418.00 "
399,Saskatchewan,Male,"Mule Deer",Negative," 450,418.00 "
400,Saskatchewan,Female,"Mule Deer",Negative," 450,418.00 "
401,Saskatchewan,Female,"Mule Deer",Negative," 450,418.00 "
402,Saskatchewan,Female,"Mule Deer",Negative," 450,418.00 "
403,Saskatchewan,Male,"Mule Deer",Negative," 450,418.00 "
404,Saskatchewan,Female,"Mule Deer",Negative," 450,418.00 "
405,Saskatchewan,Female,"Mule Deer",Negative," 450,418.00 "
406,Saskatchewan,Male,"Mule Deer",Negative," 450,418.00 "
407,Saskatchewan,Female,"Mule Deer",Negative," 450,418.00 "
408,Saskatchewan,Male,"Mule Deer",Negative," 450,418.00 "
409,Saskatchewan,Female,"Mule Deer",Negative," 450,418.00 "
410,Saskatchewan,Female,"Mule Deer",Negative," 450,418.00 "
411,Saskatchewan,Female,"Mule Deer",Negative," 450,418.00 "
412,Saskatchewan,Female,"Mule Deer",Negative," 450,418.00 "
413,Saskatchewan,Female,"Mule Deer",Negative," 450,418.00 "
414,Saskatchewan,Female,"Mule Deer",Negative," 450,418.00 "
415,Saskatchewan,Female,"Mule Deer",Negative," 450,418.00 "
416,Saskatchewan,Male,"Mule Deer",Negative," 450,418.00 "
417,Saskatchewan,Female,"Mule Deer",Negative," 450,418.00 "
418,Saskatchewan,Female,"Mule Deer",Negative," 450,418.00 "
419,Saskatchewan,Female,"Mule Deer",Negative," 450,418.00 "
420,Saskatchewan,Male,"Mule Deer",Negative," 450,418.00 "
421,Saskatchewan,Female,"Mule Deer",Negative," 450,418.00 "
422,Saskatchewan,Female,"White-tailed Deer",Negative," 450,418.00 "
423,Saskatchewan,Female,"White-tailed Deer",Negative," 450,418.00 "
424,Saskatchewan,Female,"White-tailed Deer",Negative," 450,418.00 "
425,Saskatchewan,Female,"White-tailed Deer",Negative," 450,418.00 "
426,Saskatchewan,Female,"White-tailed Deer",Negative," 450,418.00 "
427,Saskatchewan,Female,"White-tailed Deer",Negative," 450,418.00 "
428,Saskatchewan,Male,"White-tailed Deer",Negative," 450,418.00 "
429,Saskatchewan,Male,"White-tailed Deer",Negative," 450,418.00 "
430,Saskatchewan,Female,"White-tailed Deer",Negative," 450,418.00 "
431,Saskatchewan,Female,"White-tailed Deer",Negative," 450,418.00 "
432,Saskatchewan,Male,"White-tailed Deer",Negative," 450,418.00 "
433,Saskatchewan,Female,"White-tailed Deer",Negative," 450,418.00 "
434,Saskatchewan,Female,"White-tailed Deer",Negative," 450,418.00 "
435,Saskatchewan,Female,"White-tailed Deer",Negative," 450,418.00 "
436,Saskatchewan,Female,"White-tailed Deer",Negative," 450,418.00 "
437,Saskatchewan,Male,"White-tailed Deer",Negative," 450,418.00 "
438,Saskatchewan,Female,"White-tailed Deer",Negative," 450,418.00 "
439,Saskatchewan,Female,"White-tailed Deer",Negative," 450,418.00 "
440,Saskatchewan,Female,"White-tailed Deer",Negative," 450,418.00 "
441,Saskatchewan,Female,"White-tailed Deer",Negative," 450,418.00 "
442,Saskatchewan,Female,"White-tailed Deer",Negative," 450,418.00 "
443,Saskatchewan,Female,"White-tailed Deer",Negative," 450,418.00 "
444,Saskatchewan,Female,"White-tailed Deer",Negative," 450,418.00 "
445,Saskatchewan,Female,"White-tailed Deer",Negative," 450,418.00 "
446,Saskatchewan,Male,"White-tailed Deer",Negative," 450,418.00 "
447,Saskatchewan,Female,"White-tailed Deer",Negative," 450,418.00 "
448,Saskatchewan,Female,"White-tailed Deer",Negative," 450,418.00 "
449,Saskatchewan,Female,"White-tailed Deer",Negative," 450,418.00 "
450,Saskatchewan,Female,"White-tailed Deer",Negative," 450,418.00 "
451,Saskatchewan,Female,"White-tailed Deer",Negative," 450,418.00 "
452,Saskatchewan,Female,"White-tailed Deer",Negative," 450,418.00 "
453,Saskatchewan,Female,"White-tailed Deer",Negative," 450,418.00 "
454,Saskatchewan,Male,"White-tailed Deer",Negative," 450,418.00 "
455,Saskatchewan,Female,"White-tailed Deer",Negative," 450,418.00 "
456,Saskatchewan,Female,"White-tailed Deer",Negative," 450,418.00 "
457,Saskatchewan,Female,"White-tailed Deer",Negative," 450,418.00 "
458,Saskatchewan,Female,"White-tailed Deer",Negative," 450,418.00 "
459,Saskatchewan,Female,"White-tailed Deer",Negative," 450,418.00 "
460,Saskatchewan,Female,"White-tailed Deer",Negative," 450,418.00 "
461,Saskatchewan,Male,"White-tailed Deer",Negative," 450,418.00 "
462,Saskatchewan,Male,"White-tailed Deer",Negative," 450,418.00 "
463,Saskatchewan,Female,"White-tailed Deer",Negative," 450,418.00 "
464,Saskatchewan,Male,"White-tailed Deer",Negative," 450,418.00 "
465,Saskatchewan,Male,"White-tailed Deer",Negative," 450,418.00 "
466,Saskatchewan,Male,"White-tailed Deer",Negative," 450,418.00 "
467,Saskatchewan,Female,"White-tailed Deer",Negative," 450,418.00 "
468,Saskatchewan,Female,"White-tailed Deer",Negative," 450,418.00 "
469,Saskatchewan,Male,"White-tailed Deer",Negative," 450,418.00 "
470,Saskatchewan,Female,"White-tailed Deer",Negative," 450,418.00 "
471,Saskatchewan,Female,"White-tailed Deer",Negative," 450,418.00 "
472,Saskatchewan,Female,"White-tailed Deer",Negative," 450,418.00 "
473,Saskatchewan,Female,"White-tailed Deer",Negative," 450,418.00 "
474,Saskatchewan,Female,"White-tailed Deer",Negative," 450,418.00 "
475,Saskatchewan,Female,"White-tailed Deer",Negative," 450,418.00 "
476,Saskatchewan,Male,"White-tailed Deer",Negative," 450,418.00 "
477,Saskatchewan,Male,"White-tailed Deer",Negative," 450,418.00 "
478,Saskatchewan,Female,"White-tailed Deer",Negative," 450,418.00 "
479,Saskatchewan,Female,"White-tailed Deer",Negative," 450,418.00 "
480,Saskatchewan,Female,"White-tailed Deer",Negative," 450,418.00 "
481,Saskatchewan,Female,"White-tailed Deer",Negative," 450,418.00 "
482,Saskatchewan,Female,"White-tailed Deer",Negative," 450,418.00 "
483,Saskatchewan,Female,"White-tailed Deer",Negative," 450,418.00 "
484,Saskatchewan,Female,"White-tailed Deer",Negative," 450,418.00 "
485,Saskatchewan,Female,"White-tailed Deer",Negative," 450,418.00 "
486,Saskatchewan,Female,"White-tailed Deer",Negative," 450,418.00 "
487,Saskatchewan,Male,"White-tailed Deer",Negative," 450,418.00 "
488,Saskatchewan,Male,"White-tailed Deer",Negative," 450,418.00 "
489,Saskatchewan,Female,"White-tailed Deer",Negative," 450,418.00 "
490,Saskatchewan,Female,"White-tailed Deer",Negative," 450,418.00 "
491,Saskatchewan,Female,"White-tailed Deer",Negative," 450,418.00 "
492,Saskatchewan,Female,"White-tailed Deer",Negative," 450,418.00 "
493,Saskatchewan,Female,"White-tailed Deer",Negative," 450,418.00 "
494,Saskatchewan,Female,"White-tailed Deer",Negative," 450,418.00 "
495,Saskatchewan,Female,"White-tailed Deer",Negative," 450,418.00 "
496,Saskatchewan,Female,"White-tailed Deer",Negative," 450,418.00 "
497,Saskatchewan,Female,"White-tailed Deer",Negative," 450,418.00 "
498,Saskatchewan,Female,"White-tailed Deer",Negative," 450,418.00 "
499,Saskatchewan,Female,"White-tailed Deer",Negative," 450,418.00 "
500,Saskatchewan,Female,"White-tailed Deer",Negative," 450,418.00 "
501,Saskatchewan,Male,"White-tailed Deer",Negative," 450,418.00 "
502,Saskatchewan,Female,"White-tailed Deer",Negative," 450,418.00 "
503,Saskatchewan,Female,"White-tailed Deer",Negative," 450,418.00 "
504,Saskatchewan,Male,"White-tailed Deer",Negative," 450,418.00 "
505,Saskatchewan,Female,"White-tailed Deer",Negative," 450,418.00 "
506,Saskatchewan,Female,"White-tailed Deer",Negative," 450,418.00 "
507,Saskatchewan,Female,"White-tailed Deer",Negative," 450,418.00 "
508,Saskatchewan,Male,"White-tailed Deer",Negative," 450,418.00 "
509,Saskatchewan,Female,"White-tailed Deer",Negative," 450,418.00 "
510,Saskatchewan,Female,"White-tailed Deer",Negative," 450,418.00 "
511,Saskatchewan,Female,"White-tailed Deer",Negative," 450,418.00 "
512,Saskatchewan,Female,"White-tailed Deer",Negative," 450,418.00 "
513,Saskatchewan,Female,"White-tailed Deer",Negative," 450,418.00 "
514,Saskatchewan,Female,"White-tailed Deer",Negative," 450,418.00 "
515,Saskatchewan,Female,"White-tailed Deer",Negative," 450,418.00 "
516,Saskatchewan,Female,"White-tailed Deer",Negative," 450,418.00 "
517,Saskatchewan,Female,"White-tailed Deer",Negative," 450,418.00 "
518,Saskatchewan,Female,"White-tailed Deer",Negative," 450,418.00 "
519,Saskatchewan,Female,"White-tailed Deer",Negative," 450,418.00 "
520,Saskatchewan,Female,"White-tailed Deer",Negative," 450,418.00 "
521,Saskatchewan,Female,"White-tailed Deer",Negative," 450,418.00 "
522,Saskatchewan,Female,"White-tailed Deer",Negative," 450,418.00 "
523,Saskatchewan,Female,"White-tailed Deer",Negative," 450,418.00 "
524,Saskatchewan,Female,"White-tailed Deer",Negative," 450,418.00 "
525,Saskatchewan,Male,"White-tailed Deer",Negative," 450,418.00 "
526,Saskatchewan,Female,"White-tailed Deer",Negative," 450,418.00 "
527,Saskatchewan,Female,"White-tailed Deer",Negative," 450,418.00 "
528,Saskatchewan,Male,"White-tailed Deer",Negative," 450,418.00 "
529,Saskatchewan,Female,"White-tailed Deer",Negative," 450,418.00 "
530,Saskatchewan,Male,"White-tailed Deer",Negative," 450,418.00 "
531,Saskatchewan,Female,"White-tailed Deer",Negative," 450,418.00 "
532,Saskatchewan,Female,"Mule Deer",Negative," 450,418.00 "
533,Saskatchewan,Female,"Mule Deer",Negative," 450,418.00 "
534,Saskatchewan,Female,"Mule Deer",Negative," 450,418.00 "
535,Saskatchewan,Female,"Mule Deer",Negative," 450,418.00 "
536,Saskatchewan,Male,"Mule Deer",Negative," 450,418.00 "
537,Saskatchewan,Female,"Mule Deer",Negative," 450,418.00 "
538,Saskatchewan,Female,"Mule Deer",Negative," 450,418.00 "
539,Saskatchewan,Male,"Mule Deer",Negative," 450,418.00 "
540,Saskatchewan,Female,"Mule Deer",Negative," 450,418.00 "
541,Saskatchewan,Female,"Mule Deer",Negative," 450,418.00 "
542,Saskatchewan,Female,"Mule Deer",Negative," 450,418.00 "
543,Saskatchewan,Female,"Mule Deer",Negative," 450,418.00 "
544,Saskatchewan,Male,"White-tailed Deer",Negative," 450,418.00 "
545,Saskatchewan,Female,"White-tailed Deer",Negative," 450,418.00 "
546,Saskatchewan,Female,"White-tailed Deer",Negative," 450,418.00 "
547,Alberta,Female,"Mule Deer",Negative," 2,001,524.00 "
548,Alberta,Female,"Mule Deer",Negative," 2,001,524.00 "
549,Alberta,Female,"Mule Deer",Negative," 2,001,524.00 "
550,Alberta,Female,"Mule Deer",Negative," 2,001,524.00 "
551,Alberta,Female,"Mule Deer",Negative," 2,001,524.00 "
552,Alberta,Female,"Mule Deer",Negative," 2,001,524.00 "
553,Alberta,Female,"White-tailed Deer",Negative," 2,001,524.00 "
554,Alberta,Female,"White-tailed Deer",Negative," 2,001,524.00 "
555,Alberta,Female,"White-tailed Deer",Negative," 2,001,524.00 "
556,Alberta,Male,"Mule Deer",Negative," 2,001,524.00 "
557,Alberta,Male,"Mule Deer",Negative," 2,001,524.00 "
558,Alberta,Male,"Mule Deer",Negative," 2,001,524.00 "
559,Alberta,Male,"White-tailed Deer",Negative," 2,001,524.00 "
560,Alberta,Female,"Mule Deer",Negative," 2,001,524.00 "
561,Alberta,Female,"Mule Deer",Negative," 2,001,524.00 "
562,Alberta,Female,"Mule Deer",Negative," 2,001,524.00 "
563,Alberta,Female,"Mule Deer",Negative," 2,001,524.00 "
564,Alberta,Female,"Mule Deer",Negative," 2,001,524.00 "
565,Alberta,Female,"Mule Deer",Negative," 2,001,524.00 "
566,Alberta,Female,"Mule Deer",Negative," 2,001,524.00 "
567,Alberta,Female,"Mule Deer",Negative," 2,001,524.00 "
568,Alberta,Female,"Mule Deer",Negative," 2,001,524.00 "
569,Alberta,Female,"Mule Deer",Negative," 2,001,524.00 "
570,Alberta,Female,"Mule Deer",Negative," 2,001,524.00 "
571,Alberta,Female,"Mule Deer",Negative," 2,001,524.00 "
572,Alberta,Female,"Mule Deer",Negative," 2,001,524.00 "
573,Alberta,Female,"White-tailed Deer",Negative," 2,001,524.00 "
574,Alberta,Female,"White-tailed Deer",Negative," 2,001,524.00 "
575,Alberta,Female,"White-tailed Deer",Negative," 2,001,524.00 "
576,Alberta,Female,"White-tailed Deer",Negative," 2,001,524.00 "
577,Alberta,Female,"White-tailed Deer",Negative," 2,001,524.00 "
578,Alberta,Male,"Mule Deer",Negative," 2,001,524.00 "
579,Alberta,Male,"Mule Deer",Negative," 2,001,524.00 "
580,Alberta,Male,"Mule Deer",Negative," 2,001,524.00 "
581,Alberta,Male,"Mule Deer",Negative," 2,001,524.00 "
582,Alberta,Male,"Mule Deer",Negative," 2,001,524.00 "
583,Alberta,Male,"White-tailed Deer",Negative," 2,001,524.00 "
584,Alberta,Male,"White-tailed Deer",Negative," 2,001,524.00 "
585,Alberta,Male,"White-tailed Deer",Negative," 2,001,524.00 "
586,Alberta,Male,"White-tailed Deer",Negative," 2,001,524.00 "
587,Alberta,Female,"Mule Deer",Negative," 2,001,524.00 "
588,Alberta,Female,"White-tailed Deer",Negative," 2,001,524.00 "
589,Alberta,Male,"Mule Deer",Negative," 2,001,524.00 "
590,Alberta,Female,"White-tailed Deer",Negative," 2,001,524.00 "
591,Alberta,Male,"Mule Deer",Negative," 2,001,524.00 "
592,Alberta,Female,"White-tailed Deer",Negative," 2,001,524.00 "
593,Alberta,Male,"White-tailed Deer",Negative," 2,001,524.00 "
594,Alberta,Female,"White-tailed Deer",Negative," 2,001,524.00 "
595,Alberta,Female,"White-tailed Deer",Negative," 2,001,524.00 "
596,Alberta,Female,"White-tailed Deer",Negative," 2,001,524.00 "
597,Alberta,Female,"Mule Deer",Negative," 2,001,524.00 "
598,Alberta,Male,"Mule Deer",Negative," 2,001,524.00 "
599,Alberta,Female,"Mule Deer",Negative," 2,001,524.00 "
600,Alberta,Female,"Mule Deer",Negative," 2,001,524.00 "
601,Alberta,Male,"White-tailed Deer",Negative," 2,001,524.00 "
602,Alberta,Female,"White-tailed Deer",Negative," 2,001,524.00 "
603,Alberta,Male,"Mule Deer",Negative," 2,001,524.00 "
604,Alberta,Female,"Mule Deer",Negative," 2,001,524.00 "
605,Alberta,Male,"White-tailed Deer",Negative," 2,001,524.00 "
606,Alberta,Male,"White-tailed Deer",Negative," 2,001,524.00 "
607,Alberta,Male,"Mule Deer",Negative," 2,001,524.00 "
608,Alberta,Male,"White-tailed Deer",Negative," 2,001,524.00 "
609,Alberta,Male,"Mule Deer",Negative," 2,001,524.00 "
610,Alberta,Male,"Mule Deer",Negative," 2,001,524.00 "
611,Alberta,Male,"Mule Deer",Negative," 2,001,524.00 "
612,Alberta,Female,"Mule Deer",Negative," 2,001,524.00 "
613,Alberta,Male,"Mule Deer",Negative," 2,001,524.00 "
614,Alberta,Male,"Mule Deer",Negative," 2,001,524.00 "
615,Alberta,Female,"Mule Deer",Negative," 2,001,524.00 "
616,Alberta,Female,"White-tailed Deer",Negative," 2,001,524.00 "
617,Alberta,Female,"White-tailed Deer",Negative," 2,001,524.00 "
618,Alberta,Male,"White-tailed Deer",Negative," 2,001,524.00 "
619,Alberta,Male,"White-tailed Deer",Negative," 2,001,524.00 "
620,Alberta,Female,"White-tailed Deer",Negative," 2,001,524.00 "
621,Alberta,Male,"White-tailed Deer",Negative," 2,001,524.00 "
622,Alberta,Male,"Mule Deer",Negative," 2,001,524.00 "
623,Alberta,Female,"White-tailed Deer",Negative," 2,001,524.00 "
624,Alberta,Male,"Mule Deer",Negative," 2,001,524.00 "
625,Alberta,Male,"White-tailed Deer",Negative," 2,001,524.00 "
626,Alberta,Male,"Mule Deer",Negative," 2,001,524.00 "
627,Alberta,Female,"Mule Deer",Negative," 2,001,524.00 "
628,Alberta,Male,"White-tailed Deer",Negative," 2,001,524.00 "
629,Alberta,Female,"Mule Deer",Negative," 2,001,524.00 "
630,Alberta,Male,"Mule Deer",Negative," 2,001,524.00 "
631,Alberta,Female,"White-tailed Deer",Negative," 2,001,524.00 "
632,Alberta,Female,"White-tailed Deer",Negative," 2,001,524.00 "
633,Alberta,Male,"White-tailed Deer",Negative," 2,001,524.00 "
634,Alberta,Male,"Mule Deer",Negative," 2,001,524.00 "
635,Alberta,Female,"Mule Deer",Negative," 2,001,524.00 "
636,Alberta,Male,"White-tailed Deer",Negative," 2,001,524.00 "
637,Alberta,Female,"Mule Deer",Negative," 2,001,524.00 "
638,Alberta,Male,"White-tailed Deer",Negative," 2,001,524.00 "
639,Alberta,Male,"Mule Deer",Negative," 2,001,524.00 "
640,Alberta,Female,"Mule Deer",Negative," 2,001,524.00 "
641,Alberta,Male,"White-tailed Deer",Negative," 2,001,524.00 "
642,Alberta,Male,"Mule Deer",Negative," 2,001,524.00 "
643,Alberta,Male,"Mule Deer",Negative," 2,001,524.00 "
644,Alberta,Female,"Mule Deer",Negative," 2,001,524.00 "
645,Alberta,Female,"White-tailed Deer",Negative," 2,001,524.00 "
646,Alberta,Male,"White-tailed Deer",Negative," 2,001,524.00 "
647,Alberta,Female,"Mule Deer",Negative," 2,001,524.00 "
648,Alberta,Female,"Mule Deer",Negative," 2,001,524.00 "
649,Alberta,Male,"White-tailed Deer",Negative," 2,001,524.00 "
650,Alberta,Female,"White-tailed Deer",Negative," 2,001,524.00 "
651,Alberta,Female,"Mule Deer",Negative," 2,001,524.00 "
652,Alberta,Male,"White-tailed Deer",Negative," 2,001,524.00 "
653,Alberta,Male,"White-tailed Deer",Negative," 2,001,524.00 "
654,Alberta,Male,"Mule Deer",Negative," 2,001,524.00 "
655,Alberta,Female,"Mule Deer",Negative," 2,001,524.00 "
656,Alberta,Male,"Mule Deer",Negative," 2,001,524.00 "
657,Alberta,Male,"White-tailed Deer",Negative," 2,001,524.00 "
658,Alberta,Male,"White-tailed Deer",Negative," 2,001,524.00 "
659,Alberta,Male,"Mule Deer",Negative," 2,001,524.00 "
660,Alberta,Female,"Mule Deer",Negative," 2,001,524.00 "
661,Alberta,Female,"Mule Deer",Negative," 2,001,524.00 "
662,Alberta,Female,"Mule Deer",Negative," 2,001,524.00 "
663,Alberta,Female,"Mule Deer",Negative," 2,001,524.00 "
664,Alberta,Female,"Mule Deer",Negative," 2,001,524.00 "
665,Alberta,Female,"Mule Deer",Negative," 2,001,524.00 "
666,Alberta,Female,"Mule Deer",Negative," 2,001,524.00 "
667,Alberta,Female,"Mule Deer",Negative," 2,001,524.00 "
668,Alberta,Female,"Mule Deer",Negative," 2,001,524.00 "
669,Alberta,Female,"Mule Deer",Negative," 2,001,524.00 "
670,Alberta,Female,"Mule Deer",Negative," 2,001,524.00 "
671,Alberta,Female,"Mule Deer",Negative," 2,001,524.00 "
672,Alberta,Female,"Mule Deer",Negative," 2,001,524.00 "
673,Alberta,Female,"Mule Deer",Negative," 2,001,524.00 "
674,Alberta,Female,"Mule Deer",Negative," 2,001,524.00 "
675,Alberta,Female,"Mule Deer",Negative," 2,001,524.00 "
676,Alberta,Female,"Mule Deer",Negative," 2,001,524.00 "
677,Alberta,Female,"Mule Deer",Negative," 2,001,524.00 "
678,Alberta,Female,"Mule Deer",Negative," 2,001,524.00 "
679,Alberta,Female,"Mule Deer",Negative," 2,001,524.00 "
680,Alberta,Female,"Mule Deer",Negative," 2,001,524.00 "
681,Alberta,Female,"White-tailed Deer",Negative," 2,001,524.00 "
682,Alberta,Female,"White-tailed Deer",Negative," 2,001,524.00 "
683,Alberta,Female,"White-tailed Deer",Negative," 2,001,524.00 "
684,Alberta,Female,"White-tailed Deer",Negative," 2,001,524.00 "
685,Alberta,Female,"White-tailed Deer",Negative," 2,001,524.00 "
686,Alberta,Female,"White-tailed Deer",Negative," 2,001,524.00 "
687,Alberta,Female,"White-tailed Deer",Negative," 2,001,524.00 "
688,Alberta,Female,"White-tailed Deer",Negative," 2,001,524.00 "
689,Alberta,Female,"White-tailed Deer",Negative," 2,001,524.00 "
690,Alberta,Female,"White-tailed Deer",Negative," 2,001,524.00 "
691,Alberta,Female,"White-tailed Deer",Negative," 2,001,524.00 "
692,Alberta,Female,"White-tailed Deer",Negative," 2,001,524.00 "
693,Alberta,Male,"Mule Deer",Negative," 2,001,524.00 "
694,Alberta,Male,"Mule Deer",Negative," 2,001,524.00 "
695,Alberta,Male,"Mule Deer",Negative," 2,001,524.00 "
696,Alberta,Male,"Mule Deer",Negative," 2,001,524.00 "
697,Alberta,Male,"Mule Deer",Negative," 2,001,524.00 "
698,Alberta,Male,"Mule Deer",Negative," 2,001,524.00 "
699,Alberta,Male,"Mule Deer",Negative," 2,001,524.00 "
700,Alberta,Male,"Mule Deer",Negative," 2,001,524.00 "
701,Alberta,Male,"Mule Deer",Negative," 2,001,524.00 "
702,Alberta,Male,"Mule Deer",Negative," 2,001,524.00 "
703,Alberta,Male,"White-tailed Deer",Negative," 2,001,524.00 "
704,Alberta,Male,"White-tailed Deer",Negative," 2,001,524.00 "
705,Alberta,Male,"White-tailed Deer",Negative," 2,001,524.00 "
706,Alberta,Male,"White-tailed Deer",Negative," 2,001,524.00 "
707,Alberta,Male,"White-tailed Deer",Negative," 2,001,524.00 "
708,Alberta,Male,"White-tailed Deer",Negative," 2,001,524.00 "
709,Alberta,Male,"White-tailed Deer",Negative," 2,001,524.00 "
710,Alberta,Male,"White-tailed Deer",Negative," 2,001,524.00 "
711,Alberta,Male,"White-tailed Deer",Negative," 2,001,524.00 "
712,Alberta,Male,"White-tailed Deer",Negative," 2,001,524.00 "
713,Alberta,Male,"Mule Deer",Negative," 2,001,524.00 "
714,Alberta,Male,"White-tailed Deer",Negative," 2,001,524.00 "
715,Alberta,Female,"Mule Deer",Negative," 2,001,524.00 "
716,Alberta,Male,"Mule Deer",Negative," 2,001,524.00 "
717,Alberta,Male,"White-tailed Deer",Negative," 2,001,524.00 "
718,Alberta,Male,"Mule Deer",Negative," 2,001,524.00 "
719,Alberta,Female,"White-tailed Deer",Negative," 2,001,524.00 "
720,Alberta,Female,"Mule Deer",Negative," 2,001,524.00 "
721,Alberta,Female,"Mule Deer",Negative," 2,001,524.00 "
722,Alberta,Female,"Mule Deer",Negative," 2,001,524.00 "
723,Alberta,Female,"Mule Deer",Negative," 2,001,524.00 "
724,Alberta,Female,"Mule Deer",Negative," 2,001,524.00 "
725,Alberta,Female,"Mule Deer",Negative," 2,001,524.00 "
726,Alberta,Female,"Mule Deer",Negative," 2,001,524.00 "
727,Alberta,Female,"Mule Deer",Negative," 2,001,524.00 "
728,Alberta,Female,"Mule Deer",Negative," 2,001,524.00 "
729,Alberta,Female,"Mule Deer",Negative," 2,001,524.00 "
730,Alberta,Female,"Mule Deer",Negative," 2,001,524.00 "
731,Alberta,Female,"Mule Deer",Negative," 2,001,524.00 "
732,Alberta,Female,"Mule Deer",Negative," 2,001,524.00 "
733,Alberta,Female,"Mule Deer",Negative," 2,001,524.00 "
734,Alberta,Female,"Mule Deer",Negative," 2,001,524.00 "
735,Alberta,Female,"Mule Deer",Negative," 2,001,524.00 "
736,Alberta,Female,"Mule Deer",Negative," 2,001,524.00 "
737,Alberta,Female,"Mule Deer",Negative," 2,001,524.00 "
738,Alberta,Female,"Mule Deer",Negative," 2,001,524.00 "
739,Alberta,Female,"Mule Deer",Negative," 2,001,524.00 "
740,Alberta,Female,"Mule Deer",Negative," 2,001,524.00 "
741,Alberta,Female,"Mule Deer",Negative," 2,001,524.00 "
742,Alberta,Female,"Mule Deer",Negative," 2,001,524.00 "
743,Alberta,Female,"Mule Deer",Negative," 2,001,524.00 "
744,Alberta,Female,"Mule Deer",Negative," 2,001,524.00 "
745,Alberta,Female,"Mule Deer",Negative," 2,001,524.00 "
746,Alberta,Female,"Mule Deer",Negative," 2,001,524.00 "
747,Alberta,Female,"Mule Deer",Negative," 2,001,524.00 "
748,Alberta,Female,"Mule Deer",Negative," 2,001,524.00 "
749,Alberta,Female,"Mule Deer",Negative," 2,001,524.00 "
750,Alberta,Female,"Mule Deer",Negative," 2,001,524.00 "
751,Alberta,Female,"Mule Deer",Negative," 2,001,524.00 "
752,Alberta,Female,"White-tailed Deer",Negative," 2,001,524.00 "
753,Alberta,Female,"White-tailed Deer",Negative," 2,001,524.00 "
754,Alberta,Female,"White-tailed Deer",Negative," 2,001,524.00 "
755,Alberta,Female,"White-tailed Deer",Negative," 2,001,524.00 "
756,Alberta,Female,"White-tailed Deer",Negative," 2,001,524.00 "
757,Alberta,Female,"White-tailed Deer",Negative," 2,001,524.00 "
758,Alberta,Female,"White-tailed Deer",Negative," 2,001,524.00 "
759,Alberta,Female,"White-tailed Deer",Negative," 2,001,524.00 "
760,Alberta,Female,"White-tailed Deer",Negative," 2,001,524.00 "
761,Alberta,Female,"White-tailed Deer",Negative," 2,001,524.00 "
762,Alberta,Female,"White-tailed Deer",Negative," 2,001,524.00 "
763,Alberta,Female,"White-tailed Deer",Negative," 2,001,524.00 "
764,Alberta,Female,"White-tailed Deer",Negative," 2,001,524.00 "
765,Alberta,Female,"White-tailed Deer",Negative," 2,001,524.00 "
766,Alberta,Male,"Mule Deer",Negative," 2,001,524.00 "
767,Alberta,Male,"Mule Deer",Negative," 2,001,524.00 "
768,Alberta,Male,"Mule Deer",Negative," 2,001,524.00 "
769,Alberta,Male,"Mule Deer",Negative," 2,001,524.00 "
770,Alberta,Male,"Mule Deer",Negative," 2,001,524.00 "
771,Alberta,Male,"Mule Deer",Negative," 2,001,524.00 "
772,Alberta,Male,"Mule Deer",Negative," 2,001,524.00 "
773,Alberta,Male,"Mule Deer",Negative," 2,001,524.00 "
774,Alberta,Male,"Mule Deer",Negative," 2,001,524.00 "
775,Alberta,Male,"Mule Deer",Negative," 2,001,524.00 "
776,Alberta,Male,"Mule Deer",Negative," 2,001,524.00 "
777,Alberta,Male,"Mule Deer",Negative," 2,001,524.00 "
778,Alberta,Male,"Mule Deer",Negative," 2,001,524.00 "
779,Alberta,Male,"Mule Deer",Negative," 2,001,524.00 "
780,Alberta,Male,"Mule Deer",Negative," 2,001,524.00 "
781,Alberta,Male,"Mule Deer",Negative," 2,001,524.00 "
782,Alberta,Male,"Mule Deer",Negative," 2,001,524.00 "
783,Alberta,Male,"White-tailed Deer",Negative," 2,001,524.00 "
784,Alberta,Male,"White-tailed Deer",Negative," 2,001,524.00 "
785,Alberta,Male,"White-tailed Deer",Negative," 2,001,524.00 "
786,Alberta,Male,"White-tailed Deer",Negative," 2,001,524.00 "
787,Alberta,Male,"White-tailed Deer",Negative," 2,001,524.00 "
788,Alberta,Male,"White-tailed Deer",Negative," 2,001,524.00 "
789,Alberta,Male,"White-tailed Deer",Negative," 2,001,524.00 "
790,Alberta,Male,"White-tailed Deer",Negative," 2,001,524.00 "
791,Alberta,Male,"Mule Deer",Negative," 2,001,524.00 "
792,Alberta,Female,"Mule Deer",Negative," 2,001,524.00 "
793,Alberta,Female,"White-tailed Deer",Negative," 2,001,524.00 "
794,Alberta,Male,"White-tailed Deer",Negative," 2,001,524.00 "
795,Alberta,Female,"Mule Deer",Negative," 2,001,524.00 "
796,Alberta,Female,"Mule Deer",Negative," 2,001,524.00 "
797,Alberta,Female,"Mule Deer",Negative," 2,001,524.00 "
798,Alberta,Female,"Mule Deer",Negative," 2,001,524.00 "
799,Alberta,Female,"Mule Deer",Negative," 2,001,524.00 "
800,Alberta,Female,"Mule Deer",Negative," 2,001,524.00 "
801,Alberta,Female,"Mule Deer",Negative," 2,001,524.00 "
802,Alberta,Female,"Mule Deer",Negative," 2,001,524.00 "
803,Alberta,Female,"Mule Deer",Negative," 2,001,524.00 "
804,Alberta,Female,"Mule Deer",Negative," 2,001,524.00 "
805,Alberta,Female,"Mule Deer",Negative," 2,001,524.00 "
806,Alberta,Female,"Mule Deer",Negative," 2,001,524.00 "
807,Alberta,Female,"Mule Deer",Negative," 2,001,524.00 "
808,Alberta,Female,"Mule Deer",Negative," 2,001,524.00 "
809,Alberta,Female,"Mule Deer",Negative," 2,001,524.00 "
810,Alberta,Female,"Mule Deer",Negative," 2,001,524.00 "
811,Alberta,Female,"Mule Deer",Negative," 2,001,524.00 "
812,Alberta,Female,"Mule Deer",Negative," 2,001,524.00 "
813,Alberta,Female,"Mule Deer",Negative," 2,001,524.00 "
814,Alberta,Female,"Mule Deer",Negative," 2,001,524.00 "
815,Alberta,Female,"Mule Deer",Negative," 2,001,524.00 "
816,Alberta,Female,"Mule Deer",Negative," 2,001,524.00 "
817,Alberta,Female,"Mule Deer",Negative," 2,001,524.00 "
818,Alberta,Female,"Mule Deer",Negative," 2,001,524.00 "
819,Alberta,Female,"White-tailed Deer",Negative," 2,001,524.00 "
820,Alberta,Female,"White-tailed Deer",Negative," 2,001,524.00 "
821,Alberta,Female,"White-tailed Deer",Negative," 2,001,524.00 "
822,Alberta,Female,"White-tailed Deer",Negative," 2,001,524.00 "
823,Alberta,Female,"White-tailed Deer",Negative," 2,001,524.00 "
824,Alberta,Female,"White-tailed Deer",Negative," 2,001,524.00 "
825,Alberta,Female,"White-tailed Deer",Negative," 2,001,524.00 "
826,Alberta,Female,"White-tailed Deer",Negative," 2,001,524.00 "
827,Alberta,Female,"White-tailed Deer",Negative," 2,001,524.00 "
828,Alberta,Female,"White-tailed Deer",Negative," 2,001,524.00 "
829,Alberta,Female,"White-tailed Deer",Negative," 2,001,524.00 "
830,Alberta,Female,"White-tailed Deer",Negative," 2,001,524.00 "
831,Alberta,Male,"Mule Deer",Negative," 2,001,524.00 "
832,Alberta,Male,"Mule Deer",Negative," 2,001,524.00 "
833,Alberta,Male,"Mule Deer",Negative," 2,001,524.00 "
834,Alberta,Male,"Mule Deer",Negative," 2,001,524.00 "
835,Alberta,Male,"Mule Deer",Negative," 2,001,524.00 "
836,Alberta,Male,"Mule Deer",Negative," 2,001,524.00 "
837,Alberta,Male,"Mule Deer",Negative," 2,001,524.00 "
838,Alberta,Male,"Mule Deer",Negative," 2,001,524.00 "
839,Alberta,Male,"White-tailed Deer",Negative," 2,001,524.00 "
840,Alberta,Male,"White-tailed Deer",Negative," 2,001,524.00 "
841,Alberta,Male,"White-tailed Deer",Negative," 2,001,524.00 "
842,Alberta,Male,"White-tailed Deer",Negative," 2,001,524.00 "
843,Alberta,Male,"White-tailed Deer",Negative," 2,001,524.00 "
844,Alberta,Male,"White-tailed Deer",Negative," 2,001,524.00 "
845,Alberta,Male,"White-tailed Deer",Negative," 2,001,524.00 "
846,Alberta,Male,"White-tailed Deer",Negative," 2,001,524.00 "
847,Alberta,Male,"White-tailed Deer",Negative," 2,001,524.00 "
848,Alberta,Male,"White-tailed Deer",Negative," 2,001,524.00 "
849,Alberta,Male,"White-tailed Deer",Negative," 2,001,524.00 "
850,Alberta,Female,"White-tailed Deer",Negative," 2,001,524.00 "
851,Alberta,Male,"Mule Deer",Negative," 2,001,524.00 "
852,Alberta,Male,"Mule Deer",Negative," 2,001,524.00 "
853,Alberta,Female,"White-tailed Deer",Negative," 2,001,524.00 "
854,Alberta,Female,"Mule Deer",Negative," 2,001,524.00 "
855,Alberta,Female,"White-tailed Deer",Negative," 2,001,524.00 "
856,Alberta,Female,"Mule Deer",Negative," 2,001,524.00 "
857,Alberta,Female,"Mule Deer",Negative," 2,001,524.00 "
858,Alberta,Female,"Mule Deer",Negative," 2,001,524.00 "
859,Alberta,Male,"Mule Deer",Negative," 2,001,524.00 "
860,Alberta,Male,"White-tailed Deer",Negative," 2,001,524.00 "
861,Alberta,Male,"Mule Deer",Negative," 2,001,524.00 "
862,Alberta,Male,"Mule Deer",Negative," 2,001,524.00 "
863,Alberta,Female,"White-tailed Deer",Negative," 2,001,524.00 "
864,Alberta,Female,"White-tailed Deer",Negative," 2,001,524.00 "
865,Alberta,Male,"White-tailed Deer",Negative," 2,001,524.00 "
866,Alberta,Male,"White-tailed Deer",Negative," 2,001,524.00 "
867,Alberta,Male,"White-tailed Deer",Negative," 2,001,524.00 "
868,Alberta,Male,"Mule Deer",Negative," 2,001,524.00 "
869,Alberta,Male,"Mule Deer",Negative," 2,001,524.00 "
870,Alberta,Male,"White-tailed Deer",Negative," 2,001,524.00 "
871,Alberta,Female,"Mule Deer",Negative," 2,001,524.00 "
872,Alberta,Female,"White-tailed Deer",Negative," 2,001,524.00 "
873,Alberta,Male,"Mule Deer",Negative," 2,001,524.00 "
874,Alberta,Female,"White-tailed Deer",Negative," 2,001,524.00 "
875,Alberta,Male,"Mule Deer",Negative," 2,001,524.00 "
876,Alberta,Male,"Mule Deer",Negative," 2,001,524.00 "
877,Alberta,Male,"White-tailed Deer",Negative," 2,001,524.00 "
878,Alberta,Male,"Mule Deer",Negative," 2,001,524.00 "
879,Alberta,Female,"Mule Deer",Negative," 2,001,524.00 "
880,Alberta,Female,"White-tailed Deer",Negative," 2,001,524.00 "
881,Alberta,Female,"Mule Deer",Negative," 2,001,524.00 "
882,Alberta,Female,"Mule Deer",Negative," 2,001,524.00 "
883,Alberta,Female,"Mule Deer",Negative," 2,001,524.00 "
884,Alberta,Female,"Mule Deer",Negative," 2,001,524.00 "
885,Alberta,Female,"Mule Deer",Negative," 2,001,524.00 "
886,Alberta,Female,"Mule Deer",Negative," 2,001,524.00 "
887,Alberta,Female,"Mule Deer",Negative," 2,001,524.00 "
888,Alberta,Female,"Mule Deer",Negative," 2,001,524.00 "
889,Alberta,Female,"Mule Deer",Negative," 2,001,524.00 "
890,Alberta,Female,"Mule Deer",Negative," 2,001,524.00 "
891,Alberta,Female,"Mule Deer",Negative," 2,001,524.00 "
892,Alberta,Female,"Mule Deer",Negative," 2,001,524.00 "
893,Alberta,Female,"Mule Deer",Negative," 2,001,524.00 "
894,Alberta,Female,"Mule Deer",Negative," 2,001,524.00 "
895,Alberta,Female,"Mule Deer",Negative," 2,001,524.00 "
896,Alberta,Female,"Mule Deer",Negative," 2,001,524.00 "
897,Alberta,Female,"Mule Deer",Negative," 2,001,524.00 "
898,Alberta,Female,"Mule Deer",Negative," 2,001,524.00 "
899,Alberta,Female,"Mule Deer",Negative," 2,001,524.00 "
900,Alberta,Female,"Mule Deer",Negative," 2,001,524.00 "
901,Alberta,Female,"Mule Deer",Negative," 2,001,524.00 "
902,Alberta,Female,"Mule Deer",Negative," 2,001,524.00 "
903,Alberta,Female,"Mule Deer",Negative," 2,001,524.00 "
904,Alberta,Female,"Mule Deer",Negative," 2,001,524.00 "
905,Alberta,Female,"Mule Deer",Negative," 2,001,524.00 "
906,Alberta,Female,"Mule Deer",Negative," 2,001,524.00 "
907,Alberta,Female,"Mule Deer",Negative," 2,001,524.00 "
908,Alberta,Female,"Mule Deer",Negative," 2,001,524.00 "
909,Alberta,Female,"Mule Deer",Negative," 2,001,524.00 "
910,Alberta,Female,"Mule Deer",Negative," 2,001,524.00 "
911,Alberta,Female,"White-tailed Deer",Negative," 2,001,524.00 "
912,Alberta,Female,"White-tailed Deer",Negative," 2,001,524.00 "
913,Alberta,Female,"White-tailed Deer",Negative," 2,001,524.00 "
914,Alberta,Female,"White-tailed Deer",Negative," 2,001,524.00 "
915,Alberta,Female,"White-tailed Deer",Negative," 2,001,524.00 "
916,Alberta,Female,"White-tailed Deer",Negative," 2,001,524.00 "
917,Alberta,Female,"White-tailed Deer",Negative," 2,001,524.00 "
918,Alberta,Female,"White-tailed Deer",Negative," 2,001,524.00 "
919,Alberta,Female,"White-tailed Deer",Negative," 2,001,524.00 "
920,Alberta,Female,"White-tailed Deer",Negative," 2,001,524.00 "
921,Alberta,Female,"White-tailed Deer",Negative," 2,001,524.00 "
922,Alberta,Female,"White-tailed Deer",Negative," 2,001,524.00 "
923,Alberta,Female,"White-tailed Deer",Negative," 2,001,524.00 "
924,Alberta,Female,"White-tailed Deer",Negative," 2,001,524.00 "
925,Alberta,Male,"Mule Deer",Negative," 2,001,524.00 "
926,Alberta,Male,"Mule Deer",Negative," 2,001,524.00 "
927,Alberta,Male,"Mule Deer",Negative," 2,001,524.00 "
928,Alberta,Male,"Mule Deer",Negative," 2,001,524.00 "
929,Alberta,Male,"Mule Deer",Negative," 2,001,524.00 "
930,Alberta,Male,"Mule Deer",Negative," 2,001,524.00 "
931,Alberta,Male,"Mule Deer",Negative," 2,001,524.00 "
932,Alberta,Male,"Mule Deer",Negative," 2,001,524.00 "
933,Alberta,Male,"Mule Deer",Negative," 2,001,524.00 "
934,Alberta,Male,"White-tailed Deer",Negative," 2,001,524.00 "
935,Alberta,Male,"White-tailed Deer",Negative," 2,001,524.00 "
936,Alberta,Male,"White-tailed Deer",Negative," 2,001,524.00 "
937,Alberta,Male,"White-tailed Deer",Negative," 2,001,524.00 "
938,Alberta,Male,"White-tailed Deer",Negative," 2,001,524.00 "
939,Alberta,Male,"White-tailed Deer",Negative," 2,001,524.00 "
940,Alberta,Male,"White-tailed Deer",Negative," 2,001,524.00 "
941,Alberta,Male,"White-tailed Deer",Negative," 2,001,524.00 "
942,Alberta,Female,"Mule Deer",Negative," 2,001,524.00 "
943,Alberta,Female,"White-tailed Deer",Negative," 2,001,524.00 "
944,Alberta,Female,"White-tailed Deer",Negative," 2,001,524.00 "
945,Alberta,Female,"White-tailed Deer",Negative," 2,001,524.00 "
946,Alberta,Female,"White-tailed Deer",Negative," 2,001,524.00 "
947,Alberta,Male,"White-tailed Deer",Negative," 2,001,524.00 "
948,Alberta,Female,"Mule Deer",Negative," 2,001,524.00 "
949,Alberta,Female,"Mule Deer",Negative," 2,001,524.00 "
950,Alberta,Female,"Mule Deer",Negative," 2,001,524.00 "
951,Alberta,Female,"Mule Deer",Negative," 2,001,524.00 "
952,Alberta,Female,"Mule Deer",Negative," 2,001,524.00 "
953,Alberta,Female,"Mule Deer",Negative," 2,001,524.00 "
954,Alberta,Female,"Mule Deer",Negative," 2,001,524.00 "
955,Alberta,Female,"Mule Deer",Negative," 2,001,524.00 "
956,Alberta,Female,"White-tailed Deer",Negative," 2,001,524.00 "
957,Alberta,Female,"White-tailed Deer",Negative," 2,001,524.00 "
958,Alberta,Female,"White-tailed Deer",Negative," 2,001,524.00 "
959,Alberta,Female,"White-tailed Deer",Negative," 2,001,524.00 "
960,Alberta,Female,"White-tailed Deer",Negative," 2,001,524.00 "
961,Alberta,Female,"White-tailed Deer",Negative," 2,001,524.00 "
962,Alberta,Female,"White-tailed Deer",Negative," 2,001,524.00 "
963,Alberta,Female,"White-tailed Deer",Negative," 2,001,524.00 "
964,Alberta,Female,"White-tailed Deer",Negative," 2,001,524.00 "
965,Alberta,Male,"Mule Deer",Negative," 2,001,524.00 "
966,Alberta,Male,"Mule Deer",Negative," 2,001,524.00 "
967,Alberta,Male,"Mule Deer",Negative," 2,001,524.00 "
968,Alberta,Male,"Mule Deer",Negative," 2,001,524.00 "
969,Alberta,Female,"Mule Deer",Negative," 2,001,524.00 "
970,Alberta,Female,"Mule Deer",Negative," 2,001,524.00 "
971,Alberta,Female,"Mule Deer",Negative," 2,001,524.00 "
972,Alberta,Female,"Mule Deer",Negative," 2,001,524.00 "
973,Alberta,Female,"Mule Deer",Negative," 2,001,524.00 "
974,Alberta,Female,"Mule Deer",Negative," 2,001,524.00 "
975,Alberta,Female,"Mule Deer",Negative," 2,001,524.00 "
976,Alberta,Female,"White-tailed Deer",Negative," 2,001,524.00 "
977,Alberta,Female,"White-tailed Deer",Negative," 2,001,524.00 "
978,Alberta,Female,"White-tailed Deer",Negative," 2,001,524.00 "
979,Alberta,Male,"Mule Deer",Negative," 2,001,524.00 "
980,Alberta,Male,"Mule Deer",Negative," 2,001,524.00 "
981,Alberta,Male,"Mule Deer",Negative," 2,001,524.00 "
982,Alberta,Male,"White-tailed Deer",Negative," 2,001,524.00 "
983,Alberta,Male,"White-tailed Deer",Negative," 2,001,524.00 "
984,Alberta,Male,"White-tailed Deer",Negative," 2,001,524.00 "
985,Alberta,Female,"Mule Deer",Negative," 2,001,524.00 "
986,Alberta,Female,"Mule Deer",Negative," 2,001,524.00 "
987,Alberta,Female,"Mule Deer",Negative," 2,001,524.00 "
988,Alberta,Female,"Mule Deer",Negative," 2,001,524.00 "
989,Alberta,Female,"Mule Deer",Negative," 2,001,524.00 "
990,Alberta,Female,"Mule Deer",Negative," 2,001,524.00 "
991,Alberta,Female,"Mule Deer",Negative," 2,001,524.00 "
992,Alberta,Female,"Mule Deer",Negative," 2,001,524.00 "
993,Alberta,Female,"White-tailed Deer",Negative," 2,001,524.00 "
994,Alberta,Female,"White-tailed Deer",Negative," 2,001,524.00 "
995,Alberta,Female,"White-tailed Deer",Negative," 2,001,524.00 "
996,Alberta,Female,"White-tailed Deer",Negative," 2,001,524.00 "
997,Alberta,Male,"Mule Deer",Negative," 2,001,524.00 "
998,Alberta,Male,"Mule Deer",Negative," 2,001,524.00 "
999,Alberta,Male,"Mule Deer",Negative," 2,001,524.00 "
1000,Alberta,Male,"Mule Deer",Negative," 2,001,524.00 "
